22-Sep-2026 06:18:41.489 INFO [main] org.apache.catalina.startup.VersionLoggerListener.log Server version name:   Apache Tomcat/10.1.59
22-Sep-2026 06:18:41.497 INFO [main] org.apache.catalina.startup.VersionLoggerListener.log Server built:          Aug 13 2026 16:59:10 UTC
22-Sep-2026 06:18:41.497 INFO [main] org.apache.catalina.startup.VersionLoggerListener.log Server version number: 10.1.59.0
22-Sep-2026 06:18:41.498 INFO [main] org.apache.catalina.startup.VersionLoggerListener.log OS Name:               Windows 11
22-Sep-2026 06:18:41.498 INFO [main] org.apache.catalina.startup.VersionLoggerListener.log OS Version:            10.0
22-Sep-2026 06:18:41.498 INFO [main] org.apache.catalina.startup.VersionLoggerListener.log Architecture:          amd64
22-Sep-2026 06:18:41.498 INFO [main] org.apache.catalina.startup.VersionLoggerListener.log Java Home:             C:\Program Files\Java\jdk-21.0.11
22-Sep-2026 06:18:41.498 INFO [main] org.apache.catalina.startup.VersionLoggerListener.log JVM Version:           21.0.11+9-LTS-211
22-Sep-2026 06:18:41.499 INFO [main] org.apache.catalina.startup.VersionLoggerListener.log JVM Vendor:            Oracle Corporation
22-Sep-2026 06:18:41.499 INFO [main] org.apache.catalina.startup.VersionLoggerListener.log CATALINA_BASE:         C:\Users\Omar\Downloads\springmvc-plumbing-demo\SpringMVCDay2Remake-ApiStudy\src\main
22-Sep-2026 06:18:41.499 INFO [main] org.apache.catalina.startup.VersionLoggerListener.log CATALINA_HOME:         C:\Tools\TomCat\apache-tomcat-10.1.59
22-Sep-2026 06:18:41.512 INFO [main] org.apache.catalina.startup.VersionLoggerListener.log Command line argument: --add-opens=java.base/java.lang=ALL-UNNAMED
22-Sep-2026 06:18:41.513 INFO [main] org.apache.catalina.startup.VersionLoggerListener.log Command line argument: --add-opens=java.base/java.io=ALL-UNNAMED
22-Sep-2026 06:18:41.513 INFO [main] org.apache.catalina.startup.VersionLoggerListener.log Command line argument: --add-opens=java.base/java.util=ALL-UNNAMED
22-Sep-2026 06:18:41.513 INFO [main] org.apache.catalina.startup.VersionLoggerListener.log Command line argument: --add-opens=java.base/java.util.concurrent=ALL-UNNAMED
22-Sep-2026 06:18:41.513 INFO [main] org.apache.catalina.startup.VersionLoggerListener.log Command line argument: --add-opens=java.rmi/sun.rmi.transport=ALL-UNNAMED
22-Sep-2026 06:18:41.514 INFO [main] org.apache.catalina.startup.VersionLoggerListener.log Command line argument: -Dcatalina.home=C:\Tools\TomCat\apache-tomcat-10.1.59
22-Sep-2026 06:18:41.514 INFO [main] org.apache.catalina.startup.VersionLoggerListener.log Command line argument: -Dcatalina.base=C:\Users\Omar\Downloads\springmvc-plumbing-demo\SpringMVCDay2Remake-ApiStudy\src\main
22-Sep-2026 06:18:41.514 INFO [main] org.apache.catalina.startup.VersionLoggerListener.log Command line argument: -Djava.io.tmpdir=C:\Users\Omar\Downloads\springmvc-plumbing-demo\SpringMVCDay2Remake-ApiStudy\src\main\temp
22-Sep-2026 06:18:41.514 INFO [main] org.apache.catalina.startup.VersionLoggerListener.log Command line argument: -Djava.util.logging.config.file=C:\Users\Omar\Downloads\springmvc-plumbing-demo\SpringMVCDay2Remake-ApiStudy\src\main\conf\logging.properties
22-Sep-2026 06:18:41.514 INFO [main] org.apache.catalina.startup.VersionLoggerListener.log Command line argument: -Djava.util.logging.manager=org.apache.juli.ClassLoaderLogManager
22-Sep-2026 06:18:41.515 INFO [main] org.apache.catalina.startup.VersionLoggerListener.log Command line argument: -javaagent:C:\Program Files\JetBrains\IntelliJ IDEA 2026.2.1\lib\idea_rt.jar=49161
22-Sep-2026 06:18:41.515 INFO [main] org.apache.catalina.startup.VersionLoggerListener.log Command line argument: -Dfile.encoding=UTF-8
22-Sep-2026 06:18:41.515 INFO [main] org.apache.catalina.startup.VersionLoggerListener.log Command line argument: -Dsun.stdout.encoding=UTF-8
22-Sep-2026 06:18:41.515 INFO [main] org.apache.catalina.startup.VersionLoggerListener.log Command line argument: -Dsun.stderr.encoding=UTF-8
22-Sep-2026 06:18:41.527 INFO [main] org.apache.catalina.core.AprLifecycleListener.lifecycleEvent Loaded Apache Tomcat Native library [2.0.15] using APR version [1.7.6].
22-Sep-2026 06:18:41.560 INFO [main] org.apache.catalina.core.AprLifecycleListener.initializeSSL OpenSSL successfully initialized [OpenSSL 3.5.7 9 Jun 2026]
22-Sep-2026 06:18:41.890 INFO [main] org.apache.coyote.AbstractProtocol.init Initializing ProtocolHandler ["http-nio-8083"]
22-Sep-2026 06:18:41.908 INFO [main] org.apache.catalina.startup.Catalina.load Server initialization in [657] milliseconds
22-Sep-2026 06:18:41.975 INFO [main] org.apache.catalina.core.StandardService.startInternal Starting service [Catalina]
22-Sep-2026 06:18:41.976 INFO [main] org.apache.catalina.core.StandardEngine.startInternal Starting Servlet engine: [Apache Tomcat/10.1.59]
22-Sep-2026 06:18:41.990 INFO [main] org.apache.catalina.startup.HostConfig.deployDescriptor Deploying deployment descriptor [C:\Users\Omar\Downloads\springmvc-plumbing-demo\SpringMVCDay2Remake-ApiStudy\src\main\conf\Catalina\localhost\SpringMVCDay2Remake-ApiStudy.xml]
22-Sep-2026 06:18:44.245 INFO [main] org.apache.jasper.servlet.TldScanner.scanJars At least one JAR was scanned for TLDs yet contained no TLDs. Enable debug logging for this logger for a complete list of JARs that were scanned but no TLDs were found in them. Skipping unneeded JARs during scanning can improve startup time and JSP compilation time.
22-Sep-2026 06:18:46.553 INFO [main] org.apache.catalina.startup.HostConfig.deployDescriptor Deployment of deployment descriptor [C:\Users\Omar\Downloads\springmvc-plumbing-demo\SpringMVCDay2Remake-ApiStudy\src\main\conf\Catalina\localhost\SpringMVCDay2Remake-ApiStudy.xml] has finished in [4,562] ms
22-Sep-2026 06:18:46.561 INFO [main] org.apache.coyote.AbstractProtocol.start Starting ProtocolHandler ["http-nio-8083"]
22-Sep-2026 06:18:46.586 INFO [main] org.apache.catalina.startup.Catalina.start Server startup in [4676] milliseconds
22-Sep-2026 06:32:52.712 INFO [Thread-1] org.apache.coyote.AbstractProtocol.pause Pausing ProtocolHandler ["http-nio-8083"]
22-Sep-2026 06:32:52.718 INFO [Thread-1] org.apache.catalina.core.StandardService.stopInternal Stopping service [Catalina]
22-Sep-2026 06:32:52.745 INFO [Thread-1] org.apache.coyote.AbstractProtocol.stop Stopping ProtocolHandler ["http-nio-8083"]
22-Sep-2026 06:32:52.756 INFO [Thread-1] org.apache.coyote.AbstractProtocol.destroy Destroying ProtocolHandler ["http-nio-8083"]
22-Sep-2026 06:32:55.546 INFO [main] org.apache.catalina.startup.VersionLoggerListener.log Server version name:   Apache Tomcat/10.1.59
22-Sep-2026 06:32:55.551 INFO [main] org.apache.catalina.startup.VersionLoggerListener.log Server built:          Aug 13 2026 16:59:10 UTC
22-Sep-2026 06:32:55.552 INFO [main] org.apache.catalina.startup.VersionLoggerListener.log Server version number: 10.1.59.0
22-Sep-2026 06:32:55.552 INFO [main] org.apache.catalina.startup.VersionLoggerListener.log OS Name:               Windows 11
22-Sep-2026 06:32:55.552 INFO [main] org.apache.catalina.startup.VersionLoggerListener.log OS Version:            10.0
22-Sep-2026 06:32:55.552 INFO [main] org.apache.catalina.startup.VersionLoggerListener.log Architecture:          amd64
22-Sep-2026 06:32:55.552 INFO [main] org.apache.catalina.startup.VersionLoggerListener.log Java Home:             C:\Program Files\Java\jdk-21.0.11
22-Sep-2026 06:32:55.553 INFO [main] org.apache.catalina.startup.VersionLoggerListener.log JVM Version:           21.0.11+9-LTS-211
22-Sep-2026 06:32:55.553 INFO [main] org.apache.catalina.startup.VersionLoggerListener.log JVM Vendor:            Oracle Corporation
22-Sep-2026 06:32:55.553 INFO [main] org.apache.catalina.startup.VersionLoggerListener.log CATALINA_BASE:         C:\Users\Omar\Downloads\springmvc-plumbing-demo\SpringMVCDay2Remake-ApiStudy\src\main
22-Sep-2026 06:32:55.553 INFO [main] org.apache.catalina.startup.VersionLoggerListener.log CATALINA_HOME:         C:\Tools\TomCat\apache-tomcat-10.1.59
22-Sep-2026 06:32:55.571 INFO [main] org.apache.catalina.startup.VersionLoggerListener.log Command line argument: --add-opens=java.base/java.lang=ALL-UNNAMED
22-Sep-2026 06:32:55.571 INFO [main] org.apache.catalina.startup.VersionLoggerListener.log Command line argument: --add-opens=java.base/java.io=ALL-UNNAMED
22-Sep-2026 06:32:55.571 INFO [main] org.apache.catalina.startup.VersionLoggerListener.log Command line argument: --add-opens=java.base/java.util=ALL-UNNAMED
22-Sep-2026 06:32:55.571 INFO [main] org.apache.catalina.startup.VersionLoggerListener.log Command line argument: --add-opens=java.base/java.util.concurrent=ALL-UNNAMED
22-Sep-2026 06:32:55.571 INFO [main] org.apache.catalina.startup.VersionLoggerListener.log Command line argument: --add-opens=java.rmi/sun.rmi.transport=ALL-UNNAMED
22-Sep-2026 06:32:55.572 INFO [main] org.apache.catalina.startup.VersionLoggerListener.log Command line argument: -Dcatalina.home=C:\Tools\TomCat\apache-tomcat-10.1.59
22-Sep-2026 06:32:55.572 INFO [main] org.apache.catalina.startup.VersionLoggerListener.log Command line argument: -Dcatalina.base=C:\Users\Omar\Downloads\springmvc-plumbing-demo\SpringMVCDay2Remake-ApiStudy\src\main
22-Sep-2026 06:32:55.572 INFO [main] org.apache.catalina.startup.VersionLoggerListener.log Command line argument: -Djava.io.tmpdir=C:\Users\Omar\Downloads\springmvc-plumbing-demo\SpringMVCDay2Remake-ApiStudy\src\main\temp
22-Sep-2026 06:32:55.572 INFO [main] org.apache.catalina.startup.VersionLoggerListener.log Command line argument: -Djava.util.logging.config.file=C:\Users\Omar\Downloads\springmvc-plumbing-demo\SpringMVCDay2Remake-ApiStudy\src\main\conf\logging.properties
22-Sep-2026 06:32:55.572 INFO [main] org.apache.catalina.startup.VersionLoggerListener.log Command line argument: -Djava.util.logging.manager=org.apache.juli.ClassLoaderLogManager
22-Sep-2026 06:32:55.572 INFO [main] org.apache.catalina.startup.VersionLoggerListener.log Command line argument: -javaagent:C:\Program Files\JetBrains\IntelliJ IDEA 2026.2.1\lib\idea_rt.jar=65333
22-Sep-2026 06:32:55.573 INFO [main] org.apache.catalina.startup.VersionLoggerListener.log Command line argument: -Dfile.encoding=UTF-8
22-Sep-2026 06:32:55.573 INFO [main] org.apache.catalina.startup.VersionLoggerListener.log Command line argument: -Dsun.stdout.encoding=UTF-8
22-Sep-2026 06:32:55.573 INFO [main] org.apache.catalina.startup.VersionLoggerListener.log Command line argument: -Dsun.stderr.encoding=UTF-8
22-Sep-2026 06:32:55.576 INFO [main] org.apache.catalina.core.AprLifecycleListener.lifecycleEvent Loaded Apache Tomcat Native library [2.0.15] using APR version [1.7.6].
22-Sep-2026 06:32:55.584 INFO [main] org.apache.catalina.core.AprLifecycleListener.initializeSSL OpenSSL successfully initialized [OpenSSL 3.5.7 9 Jun 2026]
22-Sep-2026 06:32:55.913 INFO [main] org.apache.coyote.AbstractProtocol.init Initializing ProtocolHandler ["http-nio-8083"]
22-Sep-2026 06:32:55.932 INFO [main] org.apache.catalina.startup.Catalina.load Server initialization in [609] milliseconds
22-Sep-2026 06:32:56.023 INFO [main] org.apache.catalina.core.StandardService.startInternal Starting service [Catalina]
22-Sep-2026 06:32:56.024 INFO [main] org.apache.catalina.core.StandardEngine.startInternal Starting Servlet engine: [Apache Tomcat/10.1.59]
22-Sep-2026 06:32:56.037 INFO [main] org.apache.catalina.startup.HostConfig.deployDescriptor Deploying deployment descriptor [C:\Users\Omar\Downloads\springmvc-plumbing-demo\SpringMVCDay2Remake-ApiStudy\src\main\conf\Catalina\localhost\SpringMVCDay2Remake-ApiStudy.xml]
22-Sep-2026 06:32:57.947 INFO [main] org.apache.jasper.servlet.TldScanner.scanJars At least one JAR was scanned for TLDs yet contained no TLDs. Enable debug logging for this logger for a complete list of JARs that were scanned but no TLDs were found in them. Skipping unneeded JARs during scanning can improve startup time and JSP compilation time.
22-Sep-2026 06:32:59.075 INFO [main] org.apache.catalina.startup.HostConfig.deployDescriptor Deployment of deployment descriptor [C:\Users\Omar\Downloads\springmvc-plumbing-demo\SpringMVCDay2Remake-ApiStudy\src\main\conf\Catalina\localhost\SpringMVCDay2Remake-ApiStudy.xml] has finished in [3,037] ms
22-Sep-2026 06:32:59.087 INFO [main] org.apache.coyote.AbstractProtocol.start Starting ProtocolHandler ["http-nio-8083"]
22-Sep-2026 06:32:59.126 INFO [main] org.apache.catalina.startup.Catalina.start Server startup in [3193] milliseconds
22-Sep-2026 06:33:50.126 INFO [Thread-1] org.apache.coyote.AbstractProtocol.pause Pausing ProtocolHandler ["http-nio-8083"]
22-Sep-2026 06:33:50.134 INFO [Thread-1] org.apache.catalina.core.StandardService.stopInternal Stopping service [Catalina]
22-Sep-2026 06:33:50.161 INFO [Thread-1] org.apache.coyote.AbstractProtocol.stop Stopping ProtocolHandler ["http-nio-8083"]
22-Sep-2026 06:33:50.166 INFO [Thread-1] org.apache.coyote.AbstractProtocol.destroy Destroying ProtocolHandler ["http-nio-8083"]
22-Sep-2026 06:33:53.018 INFO [main] org.apache.catalina.startup.VersionLoggerListener.log Server version name:   Apache Tomcat/10.1.59
22-Sep-2026 06:33:53.024 INFO [main] org.apache.catalina.startup.VersionLoggerListener.log Server built:          Aug 13 2026 16:59:10 UTC
22-Sep-2026 06:33:53.025 INFO [main] org.apache.catalina.startup.VersionLoggerListener.log Server version number: 10.1.59.0
22-Sep-2026 06:33:53.025 INFO [main] org.apache.catalina.startup.VersionLoggerListener.log OS Name:               Windows 11
22-Sep-2026 06:33:53.025 INFO [main] org.apache.catalina.startup.VersionLoggerListener.log OS Version:            10.0
22-Sep-2026 06:33:53.025 INFO [main] org.apache.catalina.startup.VersionLoggerListener.log Architecture:          amd64
22-Sep-2026 06:33:53.025 INFO [main] org.apache.catalina.startup.VersionLoggerListener.log Java Home:             C:\Program Files\Java\jdk-21.0.11
22-Sep-2026 06:33:53.026 INFO [main] org.apache.catalina.startup.VersionLoggerListener.log JVM Version:           21.0.11+9-LTS-211
22-Sep-2026 06:33:53.026 INFO [main] org.apache.catalina.startup.VersionLoggerListener.log JVM Vendor:            Oracle Corporation
22-Sep-2026 06:33:53.026 INFO [main] org.apache.catalina.startup.VersionLoggerListener.log CATALINA_BASE:         C:\Users\Omar\Downloads\springmvc-plumbing-demo\SpringMVCDay2Remake-ApiStudy\src\main
22-Sep-2026 06:33:53.026 INFO [main] org.apache.catalina.startup.VersionLoggerListener.log CATALINA_HOME:         C:\Tools\TomCat\apache-tomcat-10.1.59
22-Sep-2026 06:33:53.038 INFO [main] org.apache.catalina.startup.VersionLoggerListener.log Command line argument: --add-opens=java.base/java.lang=ALL-UNNAMED
22-Sep-2026 06:33:53.038 INFO [main] org.apache.catalina.startup.VersionLoggerListener.log Command line argument: --add-opens=java.base/java.io=ALL-UNNAMED
22-Sep-2026 06:33:53.038 INFO [main] org.apache.catalina.startup.VersionLoggerListener.log Command line argument: --add-opens=java.base/java.util=ALL-UNNAMED
22-Sep-2026 06:33:53.038 INFO [main] org.apache.catalina.startup.VersionLoggerListener.log Command line argument: --add-opens=java.base/java.util.concurrent=ALL-UNNAMED
22-Sep-2026 06:33:53.038 INFO [main] org.apache.catalina.startup.VersionLoggerListener.log Command line argument: --add-opens=java.rmi/sun.rmi.transport=ALL-UNNAMED
22-Sep-2026 06:33:53.038 INFO [main] org.apache.catalina.startup.VersionLoggerListener.log Command line argument: -Dcatalina.home=C:\Tools\TomCat\apache-tomcat-10.1.59
22-Sep-2026 06:33:53.039 INFO [main] org.apache.catalina.startup.VersionLoggerListener.log Command line argument: -Dcatalina.base=C:\Users\Omar\Downloads\springmvc-plumbing-demo\SpringMVCDay2Remake-ApiStudy\src\main
22-Sep-2026 06:33:53.039 INFO [main] org.apache.catalina.startup.VersionLoggerListener.log Command line argument: -Djava.io.tmpdir=C:\Users\Omar\Downloads\springmvc-plumbing-demo\SpringMVCDay2Remake-ApiStudy\src\main\temp
22-Sep-2026 06:33:53.039 INFO [main] org.apache.catalina.startup.VersionLoggerListener.log Command line argument: -Djava.util.logging.config.file=C:\Users\Omar\Downloads\springmvc-plumbing-demo\SpringMVCDay2Remake-ApiStudy\src\main\conf\logging.properties
22-Sep-2026 06:33:53.039 INFO [main] org.apache.catalina.startup.VersionLoggerListener.log Command line argument: -Djava.util.logging.manager=org.apache.juli.ClassLoaderLogManager
22-Sep-2026 06:33:53.039 INFO [main] org.apache.catalina.startup.VersionLoggerListener.log Command line argument: -javaagent:C:\Program Files\JetBrains\IntelliJ IDEA 2026.2.1\lib\idea_rt.jar=56060
22-Sep-2026 06:33:53.040 INFO [main] org.apache.catalina.startup.VersionLoggerListener.log Command line argument: -Dfile.encoding=UTF-8
22-Sep-2026 06:33:53.040 INFO [main] org.apache.catalina.startup.VersionLoggerListener.log Command line argument: -Dsun.stdout.encoding=UTF-8
22-Sep-2026 06:33:53.040 INFO [main] org.apache.catalina.startup.VersionLoggerListener.log Command line argument: -Dsun.stderr.encoding=UTF-8
22-Sep-2026 06:33:53.043 INFO [main] org.apache.catalina.core.AprLifecycleListener.lifecycleEvent Loaded Apache Tomcat Native library [2.0.15] using APR version [1.7.6].
22-Sep-2026 06:33:53.051 INFO [main] org.apache.catalina.core.AprLifecycleListener.initializeSSL OpenSSL successfully initialized [OpenSSL 3.5.7 9 Jun 2026]
22-Sep-2026 06:33:53.348 INFO [main] org.apache.coyote.AbstractProtocol.init Initializing ProtocolHandler ["http-nio-8083"]
22-Sep-2026 06:33:53.368 INFO [main] org.apache.catalina.startup.Catalina.load Server initialization in [577] milliseconds
22-Sep-2026 06:33:53.461 INFO [main] org.apache.catalina.core.StandardService.startInternal Starting service [Catalina]
22-Sep-2026 06:33:53.462 INFO [main] org.apache.catalina.core.StandardEngine.startInternal Starting Servlet engine: [Apache Tomcat/10.1.59]
22-Sep-2026 06:33:53.479 INFO [main] org.apache.catalina.startup.HostConfig.deployDescriptor Deploying deployment descriptor [C:\Users\Omar\Downloads\springmvc-plumbing-demo\SpringMVCDay2Remake-ApiStudy\src\main\conf\Catalina\localhost\SpringMVCDay2Remake-ApiStudy.xml]
22-Sep-2026 06:33:55.559 INFO [main] org.apache.jasper.servlet.TldScanner.scanJars At least one JAR was scanned for TLDs yet contained no TLDs. Enable debug logging for this logger for a complete list of JARs that were scanned but no TLDs were found in them. Skipping unneeded JARs during scanning can improve startup time and JSP compilation time.
22-Sep-2026 06:33:57.740 INFO [main] org.apache.catalina.startup.HostConfig.deployDescriptor Deployment of deployment descriptor [C:\Users\Omar\Downloads\springmvc-plumbing-demo\SpringMVCDay2Remake-ApiStudy\src\main\conf\Catalina\localhost\SpringMVCDay2Remake-ApiStudy.xml] has finished in [4,260] ms
22-Sep-2026 06:33:57.748 INFO [main] org.apache.coyote.AbstractProtocol.start Starting ProtocolHandler ["http-nio-8083"]
22-Sep-2026 06:33:57.782 INFO [main] org.apache.catalina.startup.Catalina.start Server startup in [4413] milliseconds
22-Sep-2026 06:34:24.783 INFO [Thread-1] org.apache.coyote.AbstractProtocol.pause Pausing ProtocolHandler ["http-nio-8083"]
22-Sep-2026 06:34:24.792 INFO [Thread-1] org.apache.catalina.core.StandardService.stopInternal Stopping service [Catalina]
22-Sep-2026 06:34:24.822 INFO [Thread-1] org.apache.coyote.AbstractProtocol.stop Stopping ProtocolHandler ["http-nio-8083"]
22-Sep-2026 06:34:24.829 INFO [Thread-1] org.apache.coyote.AbstractProtocol.destroy Destroying ProtocolHandler ["http-nio-8083"]
22-Sep-2026 06:34:27.959 INFO [main] org.apache.catalina.startup.VersionLoggerListener.log Server version name:   Apache Tomcat/10.1.59
22-Sep-2026 06:34:27.965 INFO [main] org.apache.catalina.startup.VersionLoggerListener.log Server built:          Aug 13 2026 16:59:10 UTC
22-Sep-2026 06:34:27.965 INFO [main] org.apache.catalina.startup.VersionLoggerListener.log Server version number: 10.1.59.0
22-Sep-2026 06:34:27.965 INFO [main] org.apache.catalina.startup.VersionLoggerListener.log OS Name:               Windows 11
22-Sep-2026 06:34:27.965 INFO [main] org.apache.catalina.startup.VersionLoggerListener.log OS Version:            10.0
22-Sep-2026 06:34:27.966 INFO [main] org.apache.catalina.startup.VersionLoggerListener.log Architecture:          amd64
22-Sep-2026 06:34:27.966 INFO [main] org.apache.catalina.startup.VersionLoggerListener.log Java Home:             C:\Program Files\Java\jdk-21.0.11
22-Sep-2026 06:34:27.967 INFO [main] org.apache.catalina.startup.VersionLoggerListener.log JVM Version:           21.0.11+9-LTS-211
22-Sep-2026 06:34:27.967 INFO [main] org.apache.catalina.startup.VersionLoggerListener.log JVM Vendor:            Oracle Corporation
22-Sep-2026 06:34:27.967 INFO [main] org.apache.catalina.startup.VersionLoggerListener.log CATALINA_BASE:         C:\Users\Omar\Downloads\springmvc-plumbing-demo\SpringMVCDay2Remake-ApiStudy\src\main
22-Sep-2026 06:34:27.967 INFO [main] org.apache.catalina.startup.VersionLoggerListener.log CATALINA_HOME:         C:\Tools\TomCat\apache-tomcat-10.1.59
22-Sep-2026 06:34:27.977 INFO [main] org.apache.catalina.startup.VersionLoggerListener.log Command line argument: --add-opens=java.base/java.lang=ALL-UNNAMED
22-Sep-2026 06:34:27.977 INFO [main] org.apache.catalina.startup.VersionLoggerListener.log Command line argument: --add-opens=java.base/java.io=ALL-UNNAMED
22-Sep-2026 06:34:27.977 INFO [main] org.apache.catalina.startup.VersionLoggerListener.log Command line argument: --add-opens=java.base/java.util=ALL-UNNAMED
22-Sep-2026 06:34:27.977 INFO [main] org.apache.catalina.startup.VersionLoggerListener.log Command line argument: --add-opens=java.base/java.util.concurrent=ALL-UNNAMED
22-Sep-2026 06:34:27.978 INFO [main] org.apache.catalina.startup.VersionLoggerListener.log Command line argument: --add-opens=java.rmi/sun.rmi.transport=ALL-UNNAMED
22-Sep-2026 06:34:27.978 INFO [main] org.apache.catalina.startup.VersionLoggerListener.log Command line argument: -Dcatalina.home=C:\Tools\TomCat\apache-tomcat-10.1.59
22-Sep-2026 06:34:27.978 INFO [main] org.apache.catalina.startup.VersionLoggerListener.log Command line argument: -Dcatalina.base=C:\Users\Omar\Downloads\springmvc-plumbing-demo\SpringMVCDay2Remake-ApiStudy\src\main
22-Sep-2026 06:34:27.978 INFO [main] org.apache.catalina.startup.VersionLoggerListener.log Command line argument: -Djava.io.tmpdir=C:\Users\Omar\Downloads\springmvc-plumbing-demo\SpringMVCDay2Remake-ApiStudy\src\main\temp
22-Sep-2026 06:34:27.979 INFO [main] org.apache.catalina.startup.VersionLoggerListener.log Command line argument: -Djava.util.logging.config.file=C:\Users\Omar\Downloads\springmvc-plumbing-demo\SpringMVCDay2Remake-ApiStudy\src\main\conf\logging.properties
22-Sep-2026 06:34:27.979 INFO [main] org.apache.catalina.startup.VersionLoggerListener.log Command line argument: -Djava.util.logging.manager=org.apache.juli.ClassLoaderLogManager
22-Sep-2026 06:34:27.979 INFO [main] org.apache.catalina.startup.VersionLoggerListener.log Command line argument: -javaagent:C:\Program Files\JetBrains\IntelliJ IDEA 2026.2.1\lib\idea_rt.jar=61639
22-Sep-2026 06:34:27.979 INFO [main] org.apache.catalina.startup.VersionLoggerListener.log Command line argument: -Dfile.encoding=UTF-8
22-Sep-2026 06:34:27.979 INFO [main] org.apache.catalina.startup.VersionLoggerListener.log Command line argument: -Dsun.stdout.encoding=UTF-8
22-Sep-2026 06:34:27.979 INFO [main] org.apache.catalina.startup.VersionLoggerListener.log Command line argument: -Dsun.stderr.encoding=UTF-8
22-Sep-2026 06:34:27.982 INFO [main] org.apache.catalina.core.AprLifecycleListener.lifecycleEvent Loaded Apache Tomcat Native library [2.0.15] using APR version [1.7.6].
22-Sep-2026 06:34:27.989 INFO [main] org.apache.catalina.core.AprLifecycleListener.initializeSSL OpenSSL successfully initialized [OpenSSL 3.5.7 9 Jun 2026]
22-Sep-2026 06:34:28.346 INFO [main] org.apache.coyote.AbstractProtocol.init Initializing ProtocolHandler ["http-nio-8083"]
22-Sep-2026 06:34:28.367 INFO [main] org.apache.catalina.startup.Catalina.load Server initialization in [585] milliseconds
22-Sep-2026 06:34:28.428 INFO [main] org.apache.catalina.core.StandardService.startInternal Starting service [Catalina]
22-Sep-2026 06:34:28.429 INFO [main] org.apache.catalina.core.StandardEngine.startInternal Starting Servlet engine: [Apache Tomcat/10.1.59]
22-Sep-2026 06:34:28.442 INFO [main] org.apache.catalina.startup.HostConfig.deployDescriptor Deploying deployment descriptor [C:\Users\Omar\Downloads\springmvc-plumbing-demo\SpringMVCDay2Remake-ApiStudy\src\main\conf\Catalina\localhost\SpringMVCDay2Remake-ApiStudy.xml]
22-Sep-2026 06:34:30.471 INFO [main] org.apache.jasper.servlet.TldScanner.scanJars At least one JAR was scanned for TLDs yet contained no TLDs. Enable debug logging for this logger for a complete list of JARs that were scanned but no TLDs were found in them. Skipping unneeded JARs during scanning can improve startup time and JSP compilation time.
22-Sep-2026 06:34:32.730 INFO [main] org.apache.catalina.startup.HostConfig.deployDescriptor Deployment of deployment descriptor [C:\Users\Omar\Downloads\springmvc-plumbing-demo\SpringMVCDay2Remake-ApiStudy\src\main\conf\Catalina\localhost\SpringMVCDay2Remake-ApiStudy.xml] has finished in [4,287] ms
22-Sep-2026 06:34:32.735 INFO [main] org.apache.coyote.AbstractProtocol.start Starting ProtocolHandler ["http-nio-8083"]
22-Sep-2026 06:34:32.756 INFO [main] org.apache.catalina.startup.Catalina.start Server startup in [4388] milliseconds
22-Sep-2026 06:35:49.502 INFO [Thread-1] org.apache.coyote.AbstractProtocol.pause Pausing ProtocolHandler ["http-nio-8083"]
22-Sep-2026 06:35:49.508 INFO [Thread-1] org.apache.catalina.core.StandardService.stopInternal Stopping service [Catalina]
22-Sep-2026 06:35:49.536 INFO [Thread-1] org.apache.coyote.AbstractProtocol.stop Stopping ProtocolHandler ["http-nio-8083"]
22-Sep-2026 06:35:49.556 INFO [Thread-1] org.apache.coyote.AbstractProtocol.destroy Destroying ProtocolHandler ["http-nio-8083"]
22-Sep-2026 06:35:52.443 INFO [main] org.apache.catalina.startup.VersionLoggerListener.log Server version name:   Apache Tomcat/10.1.59
22-Sep-2026 06:35:52.448 INFO [main] org.apache.catalina.startup.VersionLoggerListener.log Server built:          Aug 13 2026 16:59:10 UTC
22-Sep-2026 06:35:52.449 INFO [main] org.apache.catalina.startup.VersionLoggerListener.log Server version number: 10.1.59.0
22-Sep-2026 06:35:52.449 INFO [main] org.apache.catalina.startup.VersionLoggerListener.log OS Name:               Windows 11
22-Sep-2026 06:35:52.449 INFO [main] org.apache.catalina.startup.VersionLoggerListener.log OS Version:            10.0
22-Sep-2026 06:35:52.449 INFO [main] org.apache.catalina.startup.VersionLoggerListener.log Architecture:          amd64
22-Sep-2026 06:35:52.449 INFO [main] org.apache.catalina.startup.VersionLoggerListener.log Java Home:             C:\Program Files\Java\jdk-21.0.11
22-Sep-2026 06:35:52.450 INFO [main] org.apache.catalina.startup.VersionLoggerListener.log JVM Version:           21.0.11+9-LTS-211
22-Sep-2026 06:35:52.450 INFO [main] org.apache.catalina.startup.VersionLoggerListener.log JVM Vendor:            Oracle Corporation
22-Sep-2026 06:35:52.450 INFO [main] org.apache.catalina.startup.VersionLoggerListener.log CATALINA_BASE:         C:\Users\Omar\Downloads\springmvc-plumbing-demo\SpringMVCDay2Remake-ApiStudy\src\main
22-Sep-2026 06:35:52.450 INFO [main] org.apache.catalina.startup.VersionLoggerListener.log CATALINA_HOME:         C:\Tools\TomCat\apache-tomcat-10.1.59
22-Sep-2026 06:35:52.462 INFO [main] org.apache.catalina.startup.VersionLoggerListener.log Command line argument: --add-opens=java.base/java.lang=ALL-UNNAMED
22-Sep-2026 06:35:52.462 INFO [main] org.apache.catalina.startup.VersionLoggerListener.log Command line argument: --add-opens=java.base/java.io=ALL-UNNAMED
22-Sep-2026 06:35:52.462 INFO [main] org.apache.catalina.startup.VersionLoggerListener.log Command line argument: --add-opens=java.base/java.util=ALL-UNNAMED
22-Sep-2026 06:35:52.462 INFO [main] org.apache.catalina.startup.VersionLoggerListener.log Command line argument: --add-opens=java.base/java.util.concurrent=ALL-UNNAMED
22-Sep-2026 06:35:52.462 INFO [main] org.apache.catalina.startup.VersionLoggerListener.log Command line argument: --add-opens=java.rmi/sun.rmi.transport=ALL-UNNAMED
22-Sep-2026 06:35:52.462 INFO [main] org.apache.catalina.startup.VersionLoggerListener.log Command line argument: -Dcatalina.home=C:\Tools\TomCat\apache-tomcat-10.1.59
22-Sep-2026 06:35:52.463 INFO [main] org.apache.catalina.startup.VersionLoggerListener.log Command line argument: -Dcatalina.base=C:\Users\Omar\Downloads\springmvc-plumbing-demo\SpringMVCDay2Remake-ApiStudy\src\main
22-Sep-2026 06:35:52.463 INFO [main] org.apache.catalina.startup.VersionLoggerListener.log Command line argument: -Djava.io.tmpdir=C:\Users\Omar\Downloads\springmvc-plumbing-demo\SpringMVCDay2Remake-ApiStudy\src\main\temp
22-Sep-2026 06:35:52.463 INFO [main] org.apache.catalina.startup.VersionLoggerListener.log Command line argument: -Djava.util.logging.config.file=C:\Users\Omar\Downloads\springmvc-plumbing-demo\SpringMVCDay2Remake-ApiStudy\src\main\conf\logging.properties
22-Sep-2026 06:35:52.463 INFO [main] org.apache.catalina.startup.VersionLoggerListener.log Command line argument: -Djava.util.logging.manager=org.apache.juli.ClassLoaderLogManager
22-Sep-2026 06:35:52.463 INFO [main] org.apache.catalina.startup.VersionLoggerListener.log Command line argument: -javaagent:C:\Program Files\JetBrains\IntelliJ IDEA 2026.2.1\lib\idea_rt.jar=49673
22-Sep-2026 06:35:52.463 INFO [main] org.apache.catalina.startup.VersionLoggerListener.log Command line argument: -Dfile.encoding=UTF-8
22-Sep-2026 06:35:52.464 INFO [main] org.apache.catalina.startup.VersionLoggerListener.log Command line argument: -Dsun.stdout.encoding=UTF-8
22-Sep-2026 06:35:52.464 INFO [main] org.apache.catalina.startup.VersionLoggerListener.log Command line argument: -Dsun.stderr.encoding=UTF-8
22-Sep-2026 06:35:52.466 INFO [main] org.apache.catalina.core.AprLifecycleListener.lifecycleEvent Loaded Apache Tomcat Native library [2.0.15] using APR version [1.7.6].
22-Sep-2026 06:35:52.474 INFO [main] org.apache.catalina.core.AprLifecycleListener.initializeSSL OpenSSL successfully initialized [OpenSSL 3.5.7 9 Jun 2026]
22-Sep-2026 06:35:52.792 INFO [main] org.apache.coyote.AbstractProtocol.init Initializing ProtocolHandler ["http-nio-8083"]
22-Sep-2026 06:35:52.811 INFO [main] org.apache.catalina.startup.Catalina.load Server initialization in [550] milliseconds
22-Sep-2026 06:35:52.883 INFO [main] org.apache.catalina.core.StandardService.startInternal Starting service [Catalina]
22-Sep-2026 06:35:52.883 INFO [main] org.apache.catalina.core.StandardEngine.startInternal Starting Servlet engine: [Apache Tomcat/10.1.59]
22-Sep-2026 06:35:52.896 INFO [main] org.apache.catalina.startup.HostConfig.deployDescriptor Deploying deployment descriptor [C:\Users\Omar\Downloads\springmvc-plumbing-demo\SpringMVCDay2Remake-ApiStudy\src\main\conf\Catalina\localhost\SpringMVCDay2Remake-ApiStudy.xml]
22-Sep-2026 06:35:54.867 INFO [main] org.apache.jasper.servlet.TldScanner.scanJars At least one JAR was scanned for TLDs yet contained no TLDs. Enable debug logging for this logger for a complete list of JARs that were scanned but no TLDs were found in them. Skipping unneeded JARs during scanning can improve startup time and JSP compilation time.
22-Sep-2026 06:35:57.035 INFO [main] org.apache.catalina.startup.HostConfig.deployDescriptor Deployment of deployment descriptor [C:\Users\Omar\Downloads\springmvc-plumbing-demo\SpringMVCDay2Remake-ApiStudy\src\main\conf\Catalina\localhost\SpringMVCDay2Remake-ApiStudy.xml] has finished in [4,138] ms
22-Sep-2026 06:35:57.042 INFO [main] org.apache.coyote.AbstractProtocol.start Starting ProtocolHandler ["http-nio-8083"]
22-Sep-2026 06:35:57.076 INFO [main] org.apache.catalina.startup.Catalina.start Server startup in [4264] milliseconds
22-Sep-2026 06:36:24.749 INFO [Thread-1] org.apache.coyote.AbstractProtocol.pause Pausing ProtocolHandler ["http-nio-8083"]
22-Sep-2026 06:36:24.758 INFO [Thread-1] org.apache.catalina.core.StandardService.stopInternal Stopping service [Catalina]
22-Sep-2026 06:36:24.788 INFO [Thread-1] org.apache.coyote.AbstractProtocol.stop Stopping ProtocolHandler ["http-nio-8083"]
22-Sep-2026 06:36:24.796 INFO [Thread-1] org.apache.coyote.AbstractProtocol.destroy Destroying ProtocolHandler ["http-nio-8083"]
22-Sep-2026 06:36:26.660 INFO [main] org.apache.catalina.startup.VersionLoggerListener.log Server version name:   Apache Tomcat/10.1.59
22-Sep-2026 06:36:26.668 INFO [main] org.apache.catalina.startup.VersionLoggerListener.log Server built:          Aug 13 2026 16:59:10 UTC
22-Sep-2026 06:36:26.668 INFO [main] org.apache.catalina.startup.VersionLoggerListener.log Server version number: 10.1.59.0
22-Sep-2026 06:36:26.668 INFO [main] org.apache.catalina.startup.VersionLoggerListener.log OS Name:               Windows 11
22-Sep-2026 06:36:26.669 INFO [main] org.apache.catalina.startup.VersionLoggerListener.log OS Version:            10.0
22-Sep-2026 06:36:26.669 INFO [main] org.apache.catalina.startup.VersionLoggerListener.log Architecture:          amd64
22-Sep-2026 06:36:26.669 INFO [main] org.apache.catalina.startup.VersionLoggerListener.log Java Home:             C:\Program Files\Java\jdk-21.0.11
22-Sep-2026 06:36:26.669 INFO [main] org.apache.catalina.startup.VersionLoggerListener.log JVM Version:           21.0.11+9-LTS-211
22-Sep-2026 06:36:26.670 INFO [main] org.apache.catalina.startup.VersionLoggerListener.log JVM Vendor:            Oracle Corporation
22-Sep-2026 06:36:26.670 INFO [main] org.apache.catalina.startup.VersionLoggerListener.log CATALINA_BASE:         C:\Users\Omar\Downloads\springmvc-plumbing-demo\SpringMVCDay2Remake-ApiStudy\src\main
22-Sep-2026 06:36:26.670 INFO [main] org.apache.catalina.startup.VersionLoggerListener.log CATALINA_HOME:         C:\Tools\TomCat\apache-tomcat-10.1.59
22-Sep-2026 06:36:26.681 INFO [main] org.apache.catalina.startup.VersionLoggerListener.log Command line argument: --add-opens=java.base/java.lang=ALL-UNNAMED
22-Sep-2026 06:36:26.681 INFO [main] org.apache.catalina.startup.VersionLoggerListener.log Command line argument: --add-opens=java.base/java.io=ALL-UNNAMED
22-Sep-2026 06:36:26.682 INFO [main] org.apache.catalina.startup.VersionLoggerListener.log Command line argument: --add-opens=java.base/java.util=ALL-UNNAMED
22-Sep-2026 06:36:26.682 INFO [main] org.apache.catalina.startup.VersionLoggerListener.log Command line argument: --add-opens=java.base/java.util.concurrent=ALL-UNNAMED
22-Sep-2026 06:36:26.682 INFO [main] org.apache.catalina.startup.VersionLoggerListener.log Command line argument: --add-opens=java.rmi/sun.rmi.transport=ALL-UNNAMED
22-Sep-2026 06:36:26.682 INFO [main] org.apache.catalina.startup.VersionLoggerListener.log Command line argument: -Dcatalina.home=C:\Tools\TomCat\apache-tomcat-10.1.59
22-Sep-2026 06:36:26.682 INFO [main] org.apache.catalina.startup.VersionLoggerListener.log Command line argument: -Dcatalina.base=C:\Users\Omar\Downloads\springmvc-plumbing-demo\SpringMVCDay2Remake-ApiStudy\src\main
22-Sep-2026 06:36:26.682 INFO [main] org.apache.catalina.startup.VersionLoggerListener.log Command line argument: -Djava.io.tmpdir=C:\Users\Omar\Downloads\springmvc-plumbing-demo\SpringMVCDay2Remake-ApiStudy\src\main\temp
22-Sep-2026 06:36:26.682 INFO [main] org.apache.catalina.startup.VersionLoggerListener.log Command line argument: -Djava.util.logging.config.file=C:\Users\Omar\Downloads\springmvc-plumbing-demo\SpringMVCDay2Remake-ApiStudy\src\main\conf\logging.properties
22-Sep-2026 06:36:26.682 INFO [main] org.apache.catalina.startup.VersionLoggerListener.log Command line argument: -Djava.util.logging.manager=org.apache.juli.ClassLoaderLogManager
22-Sep-2026 06:36:26.683 INFO [main] org.apache.catalina.startup.VersionLoggerListener.log Command line argument: -javaagent:C:\Program Files\JetBrains\IntelliJ IDEA 2026.2.1\lib\idea_rt.jar=52352
22-Sep-2026 06:36:26.683 INFO [main] org.apache.catalina.startup.VersionLoggerListener.log Command line argument: -Dfile.encoding=UTF-8
22-Sep-2026 06:36:26.683 INFO [main] org.apache.catalina.startup.VersionLoggerListener.log Command line argument: -Dsun.stdout.encoding=UTF-8
22-Sep-2026 06:36:26.683 INFO [main] org.apache.catalina.startup.VersionLoggerListener.log Command line argument: -Dsun.stderr.encoding=UTF-8
22-Sep-2026 06:36:26.686 INFO [main] org.apache.catalina.core.AprLifecycleListener.lifecycleEvent Loaded Apache Tomcat Native library [2.0.15] using APR version [1.7.6].
22-Sep-2026 06:36:26.693 INFO [main] org.apache.catalina.core.AprLifecycleListener.initializeSSL OpenSSL successfully initialized [OpenSSL 3.5.7 9 Jun 2026]
22-Sep-2026 06:36:27.045 INFO [main] org.apache.coyote.AbstractProtocol.init Initializing ProtocolHandler ["http-nio-8083"]
22-Sep-2026 06:36:27.069 INFO [main] org.apache.catalina.startup.Catalina.load Server initialization in [630] milliseconds
22-Sep-2026 06:36:27.153 INFO [main] org.apache.catalina.core.StandardService.startInternal Starting service [Catalina]
22-Sep-2026 06:36:27.154 INFO [main] org.apache.catalina.core.StandardEngine.startInternal Starting Servlet engine: [Apache Tomcat/10.1.59]
22-Sep-2026 06:36:27.166 INFO [main] org.apache.catalina.startup.HostConfig.deployDescriptor Deploying deployment descriptor [C:\Users\Omar\Downloads\springmvc-plumbing-demo\SpringMVCDay2Remake-ApiStudy\src\main\conf\Catalina\localhost\SpringMVCDay2Remake-ApiStudy.xml]
22-Sep-2026 06:36:29.221 INFO [main] org.apache.jasper.servlet.TldScanner.scanJars At least one JAR was scanned for TLDs yet contained no TLDs. Enable debug logging for this logger for a complete list of JARs that were scanned but no TLDs were found in them. Skipping unneeded JARs during scanning can improve startup time and JSP compilation time.
22-Sep-2026 06:36:31.473 INFO [main] org.apache.catalina.startup.HostConfig.deployDescriptor Deployment of deployment descriptor [C:\Users\Omar\Downloads\springmvc-plumbing-demo\SpringMVCDay2Remake-ApiStudy\src\main\conf\Catalina\localhost\SpringMVCDay2Remake-ApiStudy.xml] has finished in [4,307] ms
22-Sep-2026 06:36:31.477 INFO [main] org.apache.coyote.AbstractProtocol.start Starting ProtocolHandler ["http-nio-8083"]
22-Sep-2026 06:36:31.498 INFO [main] org.apache.catalina.startup.Catalina.start Server startup in [4426] milliseconds
22-Sep-2026 06:37:00.961 INFO [Thread-1] org.apache.coyote.AbstractProtocol.pause Pausing ProtocolHandler ["http-nio-8083"]
22-Sep-2026 06:37:00.966 INFO [Thread-1] org.apache.catalina.core.StandardService.stopInternal Stopping service [Catalina]
22-Sep-2026 06:37:00.993 INFO [Thread-1] org.apache.coyote.AbstractProtocol.stop Stopping ProtocolHandler ["http-nio-8083"]
22-Sep-2026 06:37:01.005 INFO [Thread-1] org.apache.coyote.AbstractProtocol.destroy Destroying ProtocolHandler ["http-nio-8083"]
22-Sep-2026 06:37:03.246 INFO [main] org.apache.catalina.startup.VersionLoggerListener.log Server version name:   Apache Tomcat/10.1.59
22-Sep-2026 06:37:03.252 INFO [main] org.apache.catalina.startup.VersionLoggerListener.log Server built:          Aug 13 2026 16:59:10 UTC
22-Sep-2026 06:37:03.252 INFO [main] org.apache.catalina.startup.VersionLoggerListener.log Server version number: 10.1.59.0
22-Sep-2026 06:37:03.252 INFO [main] org.apache.catalina.startup.VersionLoggerListener.log OS Name:               Windows 11
22-Sep-2026 06:37:03.253 INFO [main] org.apache.catalina.startup.VersionLoggerListener.log OS Version:            10.0
22-Sep-2026 06:37:03.253 INFO [main] org.apache.catalina.startup.VersionLoggerListener.log Architecture:          amd64
22-Sep-2026 06:37:03.253 INFO [main] org.apache.catalina.startup.VersionLoggerListener.log Java Home:             C:\Program Files\Java\jdk-21.0.11
22-Sep-2026 06:37:03.253 INFO [main] org.apache.catalina.startup.VersionLoggerListener.log JVM Version:           21.0.11+9-LTS-211
22-Sep-2026 06:37:03.254 INFO [main] org.apache.catalina.startup.VersionLoggerListener.log JVM Vendor:            Oracle Corporation
22-Sep-2026 06:37:03.254 INFO [main] org.apache.catalina.startup.VersionLoggerListener.log CATALINA_BASE:         C:\Users\Omar\Downloads\springmvc-plumbing-demo\SpringMVCDay2Remake-ApiStudy\src\main
22-Sep-2026 06:37:03.254 INFO [main] org.apache.catalina.startup.VersionLoggerListener.log CATALINA_HOME:         C:\Tools\TomCat\apache-tomcat-10.1.59
22-Sep-2026 06:37:03.263 INFO [main] org.apache.catalina.startup.VersionLoggerListener.log Command line argument: --add-opens=java.base/java.lang=ALL-UNNAMED
22-Sep-2026 06:37:03.263 INFO [main] org.apache.catalina.startup.VersionLoggerListener.log Command line argument: --add-opens=java.base/java.io=ALL-UNNAMED
22-Sep-2026 06:37:03.263 INFO [main] org.apache.catalina.startup.VersionLoggerListener.log Command line argument: --add-opens=java.base/java.util=ALL-UNNAMED
22-Sep-2026 06:37:03.263 INFO [main] org.apache.catalina.startup.VersionLoggerListener.log Command line argument: --add-opens=java.base/java.util.concurrent=ALL-UNNAMED
22-Sep-2026 06:37:03.263 INFO [main] org.apache.catalina.startup.VersionLoggerListener.log Command line argument: --add-opens=java.rmi/sun.rmi.transport=ALL-UNNAMED
22-Sep-2026 06:37:03.263 INFO [main] org.apache.catalina.startup.VersionLoggerListener.log Command line argument: -Dcatalina.home=C:\Tools\TomCat\apache-tomcat-10.1.59
22-Sep-2026 06:37:03.263 INFO [main] org.apache.catalina.startup.VersionLoggerListener.log Command line argument: -Dcatalina.base=C:\Users\Omar\Downloads\springmvc-plumbing-demo\SpringMVCDay2Remake-ApiStudy\src\main
22-Sep-2026 06:37:03.264 INFO [main] org.apache.catalina.startup.VersionLoggerListener.log Command line argument: -Djava.io.tmpdir=C:\Users\Omar\Downloads\springmvc-plumbing-demo\SpringMVCDay2Remake-ApiStudy\src\main\temp
22-Sep-2026 06:37:03.264 INFO [main] org.apache.catalina.startup.VersionLoggerListener.log Command line argument: -Djava.util.logging.config.file=C:\Users\Omar\Downloads\springmvc-plumbing-demo\SpringMVCDay2Remake-ApiStudy\src\main\conf\logging.properties
22-Sep-2026 06:37:03.264 INFO [main] org.apache.catalina.startup.VersionLoggerListener.log Command line argument: -Djava.util.logging.manager=org.apache.juli.ClassLoaderLogManager
22-Sep-2026 06:37:03.264 INFO [main] org.apache.catalina.startup.VersionLoggerListener.log Command line argument: -javaagent:C:\Program Files\JetBrains\IntelliJ IDEA 2026.2.1\lib\idea_rt.jar=54737
22-Sep-2026 06:37:03.264 INFO [main] org.apache.catalina.startup.VersionLoggerListener.log Command line argument: -Dfile.encoding=UTF-8
22-Sep-2026 06:37:03.264 INFO [main] org.apache.catalina.startup.VersionLoggerListener.log Command line argument: -Dsun.stdout.encoding=UTF-8
22-Sep-2026 06:37:03.264 INFO [main] org.apache.catalina.startup.VersionLoggerListener.log Command line argument: -Dsun.stderr.encoding=UTF-8
22-Sep-2026 06:37:03.268 INFO [main] org.apache.catalina.core.AprLifecycleListener.lifecycleEvent Loaded Apache Tomcat Native library [2.0.15] using APR version [1.7.6].
22-Sep-2026 06:37:03.275 INFO [main] org.apache.catalina.core.AprLifecycleListener.initializeSSL OpenSSL successfully initialized [OpenSSL 3.5.7 9 Jun 2026]
22-Sep-2026 06:37:03.613 INFO [main] org.apache.coyote.AbstractProtocol.init Initializing ProtocolHandler ["http-nio-8083"]
22-Sep-2026 06:37:03.632 INFO [main] org.apache.catalina.startup.Catalina.load Server initialization in [614] milliseconds
22-Sep-2026 06:37:03.690 INFO [main] org.apache.catalina.core.StandardService.startInternal Starting service [Catalina]
22-Sep-2026 06:37:03.691 INFO [main] org.apache.catalina.core.StandardEngine.startInternal Starting Servlet engine: [Apache Tomcat/10.1.59]
22-Sep-2026 06:37:03.701 INFO [main] org.apache.catalina.startup.HostConfig.deployDescriptor Deploying deployment descriptor [C:\Users\Omar\Downloads\springmvc-plumbing-demo\SpringMVCDay2Remake-ApiStudy\src\main\conf\Catalina\localhost\SpringMVCDay2Remake-ApiStudy.xml]
22-Sep-2026 06:37:05.697 INFO [main] org.apache.jasper.servlet.TldScanner.scanJars At least one JAR was scanned for TLDs yet contained no TLDs. Enable debug logging for this logger for a complete list of JARs that were scanned but no TLDs were found in them. Skipping unneeded JARs during scanning can improve startup time and JSP compilation time.
22-Sep-2026 06:37:07.826 INFO [main] org.apache.catalina.startup.HostConfig.deployDescriptor Deployment of deployment descriptor [C:\Users\Omar\Downloads\springmvc-plumbing-demo\SpringMVCDay2Remake-ApiStudy\src\main\conf\Catalina\localhost\SpringMVCDay2Remake-ApiStudy.xml] has finished in [4,124] ms
22-Sep-2026 06:37:07.829 INFO [main] org.apache.coyote.AbstractProtocol.start Starting ProtocolHandler ["http-nio-8083"]
22-Sep-2026 06:37:07.870 INFO [main] org.apache.catalina.startup.Catalina.start Server startup in [4235] milliseconds
22-Sep-2026 06:39:29.888 INFO [Thread-1] org.apache.coyote.AbstractProtocol.pause Pausing ProtocolHandler ["http-nio-8083"]
22-Sep-2026 06:39:29.898 INFO [Thread-1] org.apache.catalina.core.StandardService.stopInternal Stopping service [Catalina]
22-Sep-2026 06:39:29.925 INFO [Thread-1] org.apache.coyote.AbstractProtocol.stop Stopping ProtocolHandler ["http-nio-8083"]
22-Sep-2026 06:39:29.936 INFO [Thread-1] org.apache.coyote.AbstractProtocol.destroy Destroying ProtocolHandler ["http-nio-8083"]
22-Sep-2026 06:39:31.698 INFO [main] org.apache.catalina.startup.VersionLoggerListener.log Server version name:   Apache Tomcat/10.1.59
22-Sep-2026 06:39:31.704 INFO [main] org.apache.catalina.startup.VersionLoggerListener.log Server built:          Aug 13 2026 16:59:10 UTC
22-Sep-2026 06:39:31.704 INFO [main] org.apache.catalina.startup.VersionLoggerListener.log Server version number: 10.1.59.0
22-Sep-2026 06:39:31.704 INFO [main] org.apache.catalina.startup.VersionLoggerListener.log OS Name:               Windows 11
22-Sep-2026 06:39:31.704 INFO [main] org.apache.catalina.startup.VersionLoggerListener.log OS Version:            10.0
22-Sep-2026 06:39:31.705 INFO [main] org.apache.catalina.startup.VersionLoggerListener.log Architecture:          amd64
22-Sep-2026 06:39:31.705 INFO [main] org.apache.catalina.startup.VersionLoggerListener.log Java Home:             C:\Program Files\Java\jdk-21.0.11
22-Sep-2026 06:39:31.706 INFO [main] org.apache.catalina.startup.VersionLoggerListener.log JVM Version:           21.0.11+9-LTS-211
22-Sep-2026 06:39:31.706 INFO [main] org.apache.catalina.startup.VersionLoggerListener.log JVM Vendor:            Oracle Corporation
22-Sep-2026 06:39:31.706 INFO [main] org.apache.catalina.startup.VersionLoggerListener.log CATALINA_BASE:         C:\Users\Omar\Downloads\springmvc-plumbing-demo\SpringMVCDay2Remake-ApiStudy\src\main
22-Sep-2026 06:39:31.706 INFO [main] org.apache.catalina.startup.VersionLoggerListener.log CATALINA_HOME:         C:\Tools\TomCat\apache-tomcat-10.1.59
22-Sep-2026 06:39:31.715 INFO [main] org.apache.catalina.startup.VersionLoggerListener.log Command line argument: --add-opens=java.base/java.lang=ALL-UNNAMED
22-Sep-2026 06:39:31.717 INFO [main] org.apache.catalina.startup.VersionLoggerListener.log Command line argument: --add-opens=java.base/java.io=ALL-UNNAMED
22-Sep-2026 06:39:31.717 INFO [main] org.apache.catalina.startup.VersionLoggerListener.log Command line argument: --add-opens=java.base/java.util=ALL-UNNAMED
22-Sep-2026 06:39:31.717 INFO [main] org.apache.catalina.startup.VersionLoggerListener.log Command line argument: --add-opens=java.base/java.util.concurrent=ALL-UNNAMED
22-Sep-2026 06:39:31.717 INFO [main] org.apache.catalina.startup.VersionLoggerListener.log Command line argument: --add-opens=java.rmi/sun.rmi.transport=ALL-UNNAMED
22-Sep-2026 06:39:31.717 INFO [main] org.apache.catalina.startup.VersionLoggerListener.log Command line argument: -Dcatalina.home=C:\Tools\TomCat\apache-tomcat-10.1.59
22-Sep-2026 06:39:31.717 INFO [main] org.apache.catalina.startup.VersionLoggerListener.log Command line argument: -Dcatalina.base=C:\Users\Omar\Downloads\springmvc-plumbing-demo\SpringMVCDay2Remake-ApiStudy\src\main
22-Sep-2026 06:39:31.717 INFO [main] org.apache.catalina.startup.VersionLoggerListener.log Command line argument: -Djava.io.tmpdir=C:\Users\Omar\Downloads\springmvc-plumbing-demo\SpringMVCDay2Remake-ApiStudy\src\main\temp
22-Sep-2026 06:39:31.717 INFO [main] org.apache.catalina.startup.VersionLoggerListener.log Command line argument: -Djava.util.logging.config.file=C:\Users\Omar\Downloads\springmvc-plumbing-demo\SpringMVCDay2Remake-ApiStudy\src\main\conf\logging.properties
22-Sep-2026 06:39:31.717 INFO [main] org.apache.catalina.startup.VersionLoggerListener.log Command line argument: -Djava.util.logging.manager=org.apache.juli.ClassLoaderLogManager
22-Sep-2026 06:39:31.718 INFO [main] org.apache.catalina.startup.VersionLoggerListener.log Command line argument: -javaagent:C:\Program Files\JetBrains\IntelliJ IDEA 2026.2.1\lib\idea_rt.jar=61352
22-Sep-2026 06:39:31.718 INFO [main] org.apache.catalina.startup.VersionLoggerListener.log Command line argument: -Dfile.encoding=UTF-8
22-Sep-2026 06:39:31.719 INFO [main] org.apache.catalina.startup.VersionLoggerListener.log Command line argument: -Dsun.stdout.encoding=UTF-8
22-Sep-2026 06:39:31.719 INFO [main] org.apache.catalina.startup.VersionLoggerListener.log Command line argument: -Dsun.stderr.encoding=UTF-8
22-Sep-2026 06:39:31.721 INFO [main] org.apache.catalina.core.AprLifecycleListener.lifecycleEvent Loaded Apache Tomcat Native library [2.0.15] using APR version [1.7.6].
22-Sep-2026 06:39:31.728 INFO [main] org.apache.catalina.core.AprLifecycleListener.initializeSSL OpenSSL successfully initialized [OpenSSL 3.5.7 9 Jun 2026]
22-Sep-2026 06:39:32.016 INFO [main] org.apache.coyote.AbstractProtocol.init Initializing ProtocolHandler ["http-nio-8083"]
22-Sep-2026 06:39:32.035 INFO [main] org.apache.catalina.startup.Catalina.load Server initialization in [521] milliseconds
22-Sep-2026 06:39:32.099 INFO [main] org.apache.catalina.core.StandardService.startInternal Starting service [Catalina]
22-Sep-2026 06:39:32.099 INFO [main] org.apache.catalina.core.StandardEngine.startInternal Starting Servlet engine: [Apache Tomcat/10.1.59]
22-Sep-2026 06:39:32.110 INFO [main] org.apache.catalina.startup.HostConfig.deployDescriptor Deploying deployment descriptor [C:\Users\Omar\Downloads\springmvc-plumbing-demo\SpringMVCDay2Remake-ApiStudy\src\main\conf\Catalina\localhost\SpringMVCDay2Remake-ApiStudy.xml]
22-Sep-2026 06:39:34.113 INFO [main] org.apache.jasper.servlet.TldScanner.scanJars At least one JAR was scanned for TLDs yet contained no TLDs. Enable debug logging for this logger for a complete list of JARs that were scanned but no TLDs were found in them. Skipping unneeded JARs during scanning can improve startup time and JSP compilation time.
22-Sep-2026 06:39:36.304 INFO [main] org.apache.catalina.startup.HostConfig.deployDescriptor Deployment of deployment descriptor [C:\Users\Omar\Downloads\springmvc-plumbing-demo\SpringMVCDay2Remake-ApiStudy\src\main\conf\Catalina\localhost\SpringMVCDay2Remake-ApiStudy.xml] has finished in [4,193] ms
22-Sep-2026 06:39:36.309 INFO [main] org.apache.coyote.AbstractProtocol.start Starting ProtocolHandler ["http-nio-8083"]
22-Sep-2026 06:39:36.329 INFO [main] org.apache.catalina.startup.Catalina.start Server startup in [4292] milliseconds
22-Sep-2026 06:41:18.437 INFO [Thread-1] org.apache.coyote.AbstractProtocol.pause Pausing ProtocolHandler ["http-nio-8083"]
22-Sep-2026 06:41:18.443 INFO [Thread-1] org.apache.catalina.core.StandardService.stopInternal Stopping service [Catalina]
22-Sep-2026 06:41:18.471 INFO [Thread-1] org.apache.coyote.AbstractProtocol.stop Stopping ProtocolHandler ["http-nio-8083"]
22-Sep-2026 06:41:18.478 INFO [Thread-1] org.apache.coyote.AbstractProtocol.destroy Destroying ProtocolHandler ["http-nio-8083"]
22-Sep-2026 06:41:20.904 INFO [main] org.apache.catalina.startup.VersionLoggerListener.log Server version name:   Apache Tomcat/10.1.59
22-Sep-2026 06:41:20.913 INFO [main] org.apache.catalina.startup.VersionLoggerListener.log Server built:          Aug 13 2026 16:59:10 UTC
22-Sep-2026 06:41:20.913 INFO [main] org.apache.catalina.startup.VersionLoggerListener.log Server version number: 10.1.59.0
22-Sep-2026 06:41:20.914 INFO [main] org.apache.catalina.startup.VersionLoggerListener.log OS Name:               Windows 11
22-Sep-2026 06:41:20.914 INFO [main] org.apache.catalina.startup.VersionLoggerListener.log OS Version:            10.0
22-Sep-2026 06:41:20.914 INFO [main] org.apache.catalina.startup.VersionLoggerListener.log Architecture:          amd64
22-Sep-2026 06:41:20.914 INFO [main] org.apache.catalina.startup.VersionLoggerListener.log Java Home:             C:\Program Files\Java\jdk-21.0.11
22-Sep-2026 06:41:20.915 INFO [main] org.apache.catalina.startup.VersionLoggerListener.log JVM Version:           21.0.11+9-LTS-211
22-Sep-2026 06:41:20.915 INFO [main] org.apache.catalina.startup.VersionLoggerListener.log JVM Vendor:            Oracle Corporation
22-Sep-2026 06:41:20.916 INFO [main] org.apache.catalina.startup.VersionLoggerListener.log CATALINA_BASE:         C:\Users\Omar\Downloads\springmvc-plumbing-demo\SpringMVCDay2Remake-ApiStudy\src\main
22-Sep-2026 06:41:20.916 INFO [main] org.apache.catalina.startup.VersionLoggerListener.log CATALINA_HOME:         C:\Tools\TomCat\apache-tomcat-10.1.59
22-Sep-2026 06:41:20.927 INFO [main] org.apache.catalina.startup.VersionLoggerListener.log Command line argument: --add-opens=java.base/java.lang=ALL-UNNAMED
22-Sep-2026 06:41:20.927 INFO [main] org.apache.catalina.startup.VersionLoggerListener.log Command line argument: --add-opens=java.base/java.io=ALL-UNNAMED
22-Sep-2026 06:41:20.927 INFO [main] org.apache.catalina.startup.VersionLoggerListener.log Command line argument: --add-opens=java.base/java.util=ALL-UNNAMED
22-Sep-2026 06:41:20.928 INFO [main] org.apache.catalina.startup.VersionLoggerListener.log Command line argument: --add-opens=java.base/java.util.concurrent=ALL-UNNAMED
22-Sep-2026 06:41:20.928 INFO [main] org.apache.catalina.startup.VersionLoggerListener.log Command line argument: --add-opens=java.rmi/sun.rmi.transport=ALL-UNNAMED
22-Sep-2026 06:41:20.928 INFO [main] org.apache.catalina.startup.VersionLoggerListener.log Command line argument: -Dcatalina.home=C:\Tools\TomCat\apache-tomcat-10.1.59
22-Sep-2026 06:41:20.929 INFO [main] org.apache.catalina.startup.VersionLoggerListener.log Command line argument: -Dcatalina.base=C:\Users\Omar\Downloads\springmvc-plumbing-demo\SpringMVCDay2Remake-ApiStudy\src\main
22-Sep-2026 06:41:20.929 INFO [main] org.apache.catalina.startup.VersionLoggerListener.log Command line argument: -Djava.io.tmpdir=C:\Users\Omar\Downloads\springmvc-plumbing-demo\SpringMVCDay2Remake-ApiStudy\src\main\temp
22-Sep-2026 06:41:20.929 INFO [main] org.apache.catalina.startup.VersionLoggerListener.log Command line argument: -Djava.util.logging.config.file=C:\Users\Omar\Downloads\springmvc-plumbing-demo\SpringMVCDay2Remake-ApiStudy\src\main\conf\logging.properties
22-Sep-2026 06:41:20.929 INFO [main] org.apache.catalina.startup.VersionLoggerListener.log Command line argument: -Djava.util.logging.manager=org.apache.juli.ClassLoaderLogManager
22-Sep-2026 06:41:20.930 INFO [main] org.apache.catalina.startup.VersionLoggerListener.log Command line argument: -javaagent:C:\Program Files\JetBrains\IntelliJ IDEA 2026.2.1\lib\idea_rt.jar=49762
22-Sep-2026 06:41:20.930 INFO [main] org.apache.catalina.startup.VersionLoggerListener.log Command line argument: -Dfile.encoding=UTF-8
22-Sep-2026 06:41:20.930 INFO [main] org.apache.catalina.startup.VersionLoggerListener.log Command line argument: -Dsun.stdout.encoding=UTF-8
22-Sep-2026 06:41:20.930 INFO [main] org.apache.catalina.startup.VersionLoggerListener.log Command line argument: -Dsun.stderr.encoding=UTF-8
22-Sep-2026 06:41:20.934 INFO [main] org.apache.catalina.core.AprLifecycleListener.lifecycleEvent Loaded Apache Tomcat Native library [2.0.15] using APR version [1.7.6].
22-Sep-2026 06:41:20.942 INFO [main] org.apache.catalina.core.AprLifecycleListener.initializeSSL OpenSSL successfully initialized [OpenSSL 3.5.7 9 Jun 2026]
22-Sep-2026 06:41:21.303 INFO [main] org.apache.coyote.AbstractProtocol.init Initializing ProtocolHandler ["http-nio-8083"]
22-Sep-2026 06:41:21.330 INFO [main] org.apache.catalina.startup.Catalina.load Server initialization in [672] milliseconds
22-Sep-2026 06:41:21.413 INFO [main] org.apache.catalina.core.StandardService.startInternal Starting service [Catalina]
22-Sep-2026 06:41:21.413 INFO [main] org.apache.catalina.core.StandardEngine.startInternal Starting Servlet engine: [Apache Tomcat/10.1.59]
22-Sep-2026 06:41:21.428 INFO [main] org.apache.catalina.startup.HostConfig.deployDescriptor Deploying deployment descriptor [C:\Users\Omar\Downloads\springmvc-plumbing-demo\SpringMVCDay2Remake-ApiStudy\src\main\conf\Catalina\localhost\SpringMVCDay2Remake-ApiStudy.xml]
22-Sep-2026 06:41:23.516 INFO [main] org.apache.jasper.servlet.TldScanner.scanJars At least one JAR was scanned for TLDs yet contained no TLDs. Enable debug logging for this logger for a complete list of JARs that were scanned but no TLDs were found in them. Skipping unneeded JARs during scanning can improve startup time and JSP compilation time.
22-Sep-2026 06:41:25.684 INFO [main] org.apache.catalina.startup.HostConfig.deployDescriptor Deployment of deployment descriptor [C:\Users\Omar\Downloads\springmvc-plumbing-demo\SpringMVCDay2Remake-ApiStudy\src\main\conf\Catalina\localhost\SpringMVCDay2Remake-ApiStudy.xml] has finished in [4,256] ms
22-Sep-2026 06:41:25.690 INFO [main] org.apache.coyote.AbstractProtocol.start Starting ProtocolHandler ["http-nio-8083"]
22-Sep-2026 06:41:25.719 INFO [main] org.apache.catalina.startup.Catalina.start Server startup in [4386] milliseconds
22-Sep-2026 06:42:04.436 INFO [Thread-1] org.apache.coyote.AbstractProtocol.pause Pausing ProtocolHandler ["http-nio-8083"]
22-Sep-2026 06:42:04.446 INFO [Thread-1] org.apache.catalina.core.StandardService.stopInternal Stopping service [Catalina]
22-Sep-2026 06:42:04.474 INFO [Thread-1] org.apache.coyote.AbstractProtocol.stop Stopping ProtocolHandler ["http-nio-8083"]
22-Sep-2026 06:42:04.481 INFO [Thread-1] org.apache.coyote.AbstractProtocol.destroy Destroying ProtocolHandler ["http-nio-8083"]
22-Sep-2026 06:42:06.240 INFO [main] org.apache.catalina.startup.VersionLoggerListener.log Server version name:   Apache Tomcat/10.1.59
22-Sep-2026 06:42:06.246 INFO [main] org.apache.catalina.startup.VersionLoggerListener.log Server built:          Aug 13 2026 16:59:10 UTC
22-Sep-2026 06:42:06.247 INFO [main] org.apache.catalina.startup.VersionLoggerListener.log Server version number: 10.1.59.0
22-Sep-2026 06:42:06.247 INFO [main] org.apache.catalina.startup.VersionLoggerListener.log OS Name:               Windows 11
22-Sep-2026 06:42:06.247 INFO [main] org.apache.catalina.startup.VersionLoggerListener.log OS Version:            10.0
22-Sep-2026 06:42:06.247 INFO [main] org.apache.catalina.startup.VersionLoggerListener.log Architecture:          amd64
22-Sep-2026 06:42:06.247 INFO [main] org.apache.catalina.startup.VersionLoggerListener.log Java Home:             C:\Program Files\Java\jdk-21.0.11
22-Sep-2026 06:42:06.247 INFO [main] org.apache.catalina.startup.VersionLoggerListener.log JVM Version:           21.0.11+9-LTS-211
22-Sep-2026 06:42:06.247 INFO [main] org.apache.catalina.startup.VersionLoggerListener.log JVM Vendor:            Oracle Corporation
22-Sep-2026 06:42:06.248 INFO [main] org.apache.catalina.startup.VersionLoggerListener.log CATALINA_BASE:         C:\Users\Omar\Downloads\springmvc-plumbing-demo\SpringMVCDay2Remake-ApiStudy\src\main
22-Sep-2026 06:42:06.248 INFO [main] org.apache.catalina.startup.VersionLoggerListener.log CATALINA_HOME:         C:\Tools\TomCat\apache-tomcat-10.1.59
22-Sep-2026 06:42:06.257 INFO [main] org.apache.catalina.startup.VersionLoggerListener.log Command line argument: --add-opens=java.base/java.lang=ALL-UNNAMED
22-Sep-2026 06:42:06.257 INFO [main] org.apache.catalina.startup.VersionLoggerListener.log Command line argument: --add-opens=java.base/java.io=ALL-UNNAMED
22-Sep-2026 06:42:06.258 INFO [main] org.apache.catalina.startup.VersionLoggerListener.log Command line argument: --add-opens=java.base/java.util=ALL-UNNAMED
22-Sep-2026 06:42:06.258 INFO [main] org.apache.catalina.startup.VersionLoggerListener.log Command line argument: --add-opens=java.base/java.util.concurrent=ALL-UNNAMED
22-Sep-2026 06:42:06.258 INFO [main] org.apache.catalina.startup.VersionLoggerListener.log Command line argument: --add-opens=java.rmi/sun.rmi.transport=ALL-UNNAMED
22-Sep-2026 06:42:06.258 INFO [main] org.apache.catalina.startup.VersionLoggerListener.log Command line argument: -Dcatalina.home=C:\Tools\TomCat\apache-tomcat-10.1.59
22-Sep-2026 06:42:06.258 INFO [main] org.apache.catalina.startup.VersionLoggerListener.log Command line argument: -Dcatalina.base=C:\Users\Omar\Downloads\springmvc-plumbing-demo\SpringMVCDay2Remake-ApiStudy\src\main
22-Sep-2026 06:42:06.258 INFO [main] org.apache.catalina.startup.VersionLoggerListener.log Command line argument: -Djava.io.tmpdir=C:\Users\Omar\Downloads\springmvc-plumbing-demo\SpringMVCDay2Remake-ApiStudy\src\main\temp
22-Sep-2026 06:42:06.258 INFO [main] org.apache.catalina.startup.VersionLoggerListener.log Command line argument: -Djava.util.logging.config.file=C:\Users\Omar\Downloads\springmvc-plumbing-demo\SpringMVCDay2Remake-ApiStudy\src\main\conf\logging.properties
22-Sep-2026 06:42:06.258 INFO [main] org.apache.catalina.startup.VersionLoggerListener.log Command line argument: -Djava.util.logging.manager=org.apache.juli.ClassLoaderLogManager
22-Sep-2026 06:42:06.258 INFO [main] org.apache.catalina.startup.VersionLoggerListener.log Command line argument: -javaagent:C:\Program Files\JetBrains\IntelliJ IDEA 2026.2.1\lib\idea_rt.jar=54426
22-Sep-2026 06:42:06.258 INFO [main] org.apache.catalina.startup.VersionLoggerListener.log Command line argument: -Dfile.encoding=UTF-8
22-Sep-2026 06:42:06.258 INFO [main] org.apache.catalina.startup.VersionLoggerListener.log Command line argument: -Dsun.stdout.encoding=UTF-8
22-Sep-2026 06:42:06.258 INFO [main] org.apache.catalina.startup.VersionLoggerListener.log Command line argument: -Dsun.stderr.encoding=UTF-8
22-Sep-2026 06:42:06.261 INFO [main] org.apache.catalina.core.AprLifecycleListener.lifecycleEvent Loaded Apache Tomcat Native library [2.0.15] using APR version [1.7.6].
22-Sep-2026 06:42:06.268 INFO [main] org.apache.catalina.core.AprLifecycleListener.initializeSSL OpenSSL successfully initialized [OpenSSL 3.5.7 9 Jun 2026]
22-Sep-2026 06:42:06.565 INFO [main] org.apache.coyote.AbstractProtocol.init Initializing ProtocolHandler ["http-nio-8083"]
22-Sep-2026 06:42:06.586 INFO [main] org.apache.catalina.startup.Catalina.load Server initialization in [516] milliseconds
22-Sep-2026 06:42:06.654 INFO [main] org.apache.catalina.core.StandardService.startInternal Starting service [Catalina]
22-Sep-2026 06:42:06.654 INFO [main] org.apache.catalina.core.StandardEngine.startInternal Starting Servlet engine: [Apache Tomcat/10.1.59]
22-Sep-2026 06:42:06.667 INFO [main] org.apache.catalina.startup.HostConfig.deployDescriptor Deploying deployment descriptor [C:\Users\Omar\Downloads\springmvc-plumbing-demo\SpringMVCDay2Remake-ApiStudy\src\main\conf\Catalina\localhost\SpringMVCDay2Remake-ApiStudy.xml]
22-Sep-2026 06:42:08.726 INFO [main] org.apache.jasper.servlet.TldScanner.scanJars At least one JAR was scanned for TLDs yet contained no TLDs. Enable debug logging for this logger for a complete list of JARs that were scanned but no TLDs were found in them. Skipping unneeded JARs during scanning can improve startup time and JSP compilation time.
22-Sep-2026 06:42:10.958 INFO [main] org.apache.catalina.startup.HostConfig.deployDescriptor Deployment of deployment descriptor [C:\Users\Omar\Downloads\springmvc-plumbing-demo\SpringMVCDay2Remake-ApiStudy\src\main\conf\Catalina\localhost\SpringMVCDay2Remake-ApiStudy.xml] has finished in [4,291] ms
22-Sep-2026 06:42:10.964 INFO [main] org.apache.coyote.AbstractProtocol.start Starting ProtocolHandler ["http-nio-8083"]
22-Sep-2026 06:42:10.993 INFO [main] org.apache.catalina.startup.Catalina.start Server startup in [4405] milliseconds
22-Sep-2026 06:43:09.974 INFO [Thread-1] org.apache.coyote.AbstractProtocol.pause Pausing ProtocolHandler ["http-nio-8083"]
22-Sep-2026 06:43:09.981 INFO [Thread-1] org.apache.catalina.core.StandardService.stopInternal Stopping service [Catalina]
22-Sep-2026 06:43:10.009 INFO [Thread-1] org.apache.coyote.AbstractProtocol.stop Stopping ProtocolHandler ["http-nio-8083"]
22-Sep-2026 06:43:10.026 INFO [Thread-1] org.apache.coyote.AbstractProtocol.destroy Destroying ProtocolHandler ["http-nio-8083"]
22-Sep-2026 06:43:11.547 INFO [main] org.apache.catalina.startup.VersionLoggerListener.log Server version name:   Apache Tomcat/10.1.59
22-Sep-2026 06:43:11.552 INFO [main] org.apache.catalina.startup.VersionLoggerListener.log Server built:          Aug 13 2026 16:59:10 UTC
22-Sep-2026 06:43:11.553 INFO [main] org.apache.catalina.startup.VersionLoggerListener.log Server version number: 10.1.59.0
22-Sep-2026 06:43:11.553 INFO [main] org.apache.catalina.startup.VersionLoggerListener.log OS Name:               Windows 11
22-Sep-2026 06:43:11.554 INFO [main] org.apache.catalina.startup.VersionLoggerListener.log OS Version:            10.0
22-Sep-2026 06:43:11.554 INFO [main] org.apache.catalina.startup.VersionLoggerListener.log Architecture:          amd64
22-Sep-2026 06:43:11.554 INFO [main] org.apache.catalina.startup.VersionLoggerListener.log Java Home:             C:\Program Files\Java\jdk-21.0.11
22-Sep-2026 06:43:11.554 INFO [main] org.apache.catalina.startup.VersionLoggerListener.log JVM Version:           21.0.11+9-LTS-211
22-Sep-2026 06:43:11.554 INFO [main] org.apache.catalina.startup.VersionLoggerListener.log JVM Vendor:            Oracle Corporation
22-Sep-2026 06:43:11.555 INFO [main] org.apache.catalina.startup.VersionLoggerListener.log CATALINA_BASE:         C:\Users\Omar\Downloads\springmvc-plumbing-demo\SpringMVCDay2Remake-ApiStudy\src\main
22-Sep-2026 06:43:11.555 INFO [main] org.apache.catalina.startup.VersionLoggerListener.log CATALINA_HOME:         C:\Tools\TomCat\apache-tomcat-10.1.59
22-Sep-2026 06:43:11.564 INFO [main] org.apache.catalina.startup.VersionLoggerListener.log Command line argument: --add-opens=java.base/java.lang=ALL-UNNAMED
22-Sep-2026 06:43:11.564 INFO [main] org.apache.catalina.startup.VersionLoggerListener.log Command line argument: --add-opens=java.base/java.io=ALL-UNNAMED
22-Sep-2026 06:43:11.565 INFO [main] org.apache.catalina.startup.VersionLoggerListener.log Command line argument: --add-opens=java.base/java.util=ALL-UNNAMED
22-Sep-2026 06:43:11.565 INFO [main] org.apache.catalina.startup.VersionLoggerListener.log Command line argument: --add-opens=java.base/java.util.concurrent=ALL-UNNAMED
22-Sep-2026 06:43:11.565 INFO [main] org.apache.catalina.startup.VersionLoggerListener.log Command line argument: --add-opens=java.rmi/sun.rmi.transport=ALL-UNNAMED
22-Sep-2026 06:43:11.565 INFO [main] org.apache.catalina.startup.VersionLoggerListener.log Command line argument: -Dcatalina.home=C:\Tools\TomCat\apache-tomcat-10.1.59
22-Sep-2026 06:43:11.565 INFO [main] org.apache.catalina.startup.VersionLoggerListener.log Command line argument: -Dcatalina.base=C:\Users\Omar\Downloads\springmvc-plumbing-demo\SpringMVCDay2Remake-ApiStudy\src\main
22-Sep-2026 06:43:11.565 INFO [main] org.apache.catalina.startup.VersionLoggerListener.log Command line argument: -Djava.io.tmpdir=C:\Users\Omar\Downloads\springmvc-plumbing-demo\SpringMVCDay2Remake-ApiStudy\src\main\temp
22-Sep-2026 06:43:11.566 INFO [main] org.apache.catalina.startup.VersionLoggerListener.log Command line argument: -Djava.util.logging.config.file=C:\Users\Omar\Downloads\springmvc-plumbing-demo\SpringMVCDay2Remake-ApiStudy\src\main\conf\logging.properties
22-Sep-2026 06:43:11.566 INFO [main] org.apache.catalina.startup.VersionLoggerListener.log Command line argument: -Djava.util.logging.manager=org.apache.juli.ClassLoaderLogManager
22-Sep-2026 06:43:11.566 INFO [main] org.apache.catalina.startup.VersionLoggerListener.log Command line argument: -javaagent:C:\Program Files\JetBrains\IntelliJ IDEA 2026.2.1\lib\idea_rt.jar=51715
22-Sep-2026 06:43:11.566 INFO [main] org.apache.catalina.startup.VersionLoggerListener.log Command line argument: -Dfile.encoding=UTF-8
22-Sep-2026 06:43:11.566 INFO [main] org.apache.catalina.startup.VersionLoggerListener.log Command line argument: -Dsun.stdout.encoding=UTF-8
22-Sep-2026 06:43:11.566 INFO [main] org.apache.catalina.startup.VersionLoggerListener.log Command line argument: -Dsun.stderr.encoding=UTF-8
22-Sep-2026 06:43:11.570 INFO [main] org.apache.catalina.core.AprLifecycleListener.lifecycleEvent Loaded Apache Tomcat Native library [2.0.15] using APR version [1.7.6].
22-Sep-2026 06:43:11.578 INFO [main] org.apache.catalina.core.AprLifecycleListener.initializeSSL OpenSSL successfully initialized [OpenSSL 3.5.7 9 Jun 2026]
22-Sep-2026 06:43:11.891 INFO [main] org.apache.coyote.AbstractProtocol.init Initializing ProtocolHandler ["http-nio-8083"]
22-Sep-2026 06:43:11.911 INFO [main] org.apache.catalina.startup.Catalina.load Server initialization in [551] milliseconds
22-Sep-2026 06:43:11.973 INFO [main] org.apache.catalina.core.StandardService.startInternal Starting service [Catalina]
22-Sep-2026 06:43:11.973 INFO [main] org.apache.catalina.core.StandardEngine.startInternal Starting Servlet engine: [Apache Tomcat/10.1.59]
22-Sep-2026 06:43:11.984 INFO [main] org.apache.catalina.startup.HostConfig.deployDescriptor Deploying deployment descriptor [C:\Users\Omar\Downloads\springmvc-plumbing-demo\SpringMVCDay2Remake-ApiStudy\src\main\conf\Catalina\localhost\SpringMVCDay2Remake-ApiStudy.xml]
22-Sep-2026 06:43:13.958 INFO [main] org.apache.jasper.servlet.TldScanner.scanJars At least one JAR was scanned for TLDs yet contained no TLDs. Enable debug logging for this logger for a complete list of JARs that were scanned but no TLDs were found in them. Skipping unneeded JARs during scanning can improve startup time and JSP compilation time.
22-Sep-2026 06:43:16.133 INFO [main] org.apache.catalina.startup.HostConfig.deployDescriptor Deployment of deployment descriptor [C:\Users\Omar\Downloads\springmvc-plumbing-demo\SpringMVCDay2Remake-ApiStudy\src\main\conf\Catalina\localhost\SpringMVCDay2Remake-ApiStudy.xml] has finished in [4,149] ms
22-Sep-2026 06:43:16.143 INFO [main] org.apache.coyote.AbstractProtocol.start Starting ProtocolHandler ["http-nio-8083"]
22-Sep-2026 06:43:16.172 INFO [main] org.apache.catalina.startup.Catalina.start Server startup in [4259] milliseconds
22-Sep-2026 06:44:22.801 INFO [Thread-1] org.apache.coyote.AbstractProtocol.pause Pausing ProtocolHandler ["http-nio-8083"]
22-Sep-2026 06:44:22.809 INFO [Thread-1] org.apache.catalina.core.StandardService.stopInternal Stopping service [Catalina]
22-Sep-2026 06:44:22.839 INFO [Thread-1] org.apache.coyote.AbstractProtocol.stop Stopping ProtocolHandler ["http-nio-8083"]
22-Sep-2026 06:44:22.854 INFO [Thread-1] org.apache.coyote.AbstractProtocol.destroy Destroying ProtocolHandler ["http-nio-8083"]
22-Sep-2026 06:44:24.590 INFO [main] org.apache.catalina.startup.VersionLoggerListener.log Server version name:   Apache Tomcat/10.1.59
22-Sep-2026 06:44:24.596 INFO [main] org.apache.catalina.startup.VersionLoggerListener.log Server built:          Aug 13 2026 16:59:10 UTC
22-Sep-2026 06:44:24.596 INFO [main] org.apache.catalina.startup.VersionLoggerListener.log Server version number: 10.1.59.0
22-Sep-2026 06:44:24.597 INFO [main] org.apache.catalina.startup.VersionLoggerListener.log OS Name:               Windows 11
22-Sep-2026 06:44:24.597 INFO [main] org.apache.catalina.startup.VersionLoggerListener.log OS Version:            10.0
22-Sep-2026 06:44:24.598 INFO [main] org.apache.catalina.startup.VersionLoggerListener.log Architecture:          amd64
22-Sep-2026 06:44:24.598 INFO [main] org.apache.catalina.startup.VersionLoggerListener.log Java Home:             C:\Program Files\Java\jdk-21.0.11
22-Sep-2026 06:44:24.598 INFO [main] org.apache.catalina.startup.VersionLoggerListener.log JVM Version:           21.0.11+9-LTS-211
22-Sep-2026 06:44:24.598 INFO [main] org.apache.catalina.startup.VersionLoggerListener.log JVM Vendor:            Oracle Corporation
22-Sep-2026 06:44:24.598 INFO [main] org.apache.catalina.startup.VersionLoggerListener.log CATALINA_BASE:         C:\Users\Omar\Downloads\springmvc-plumbing-demo\SpringMVCDay2Remake-ApiStudy\src\main
22-Sep-2026 06:44:24.598 INFO [main] org.apache.catalina.startup.VersionLoggerListener.log CATALINA_HOME:         C:\Tools\TomCat\apache-tomcat-10.1.59
22-Sep-2026 06:44:24.607 INFO [main] org.apache.catalina.startup.VersionLoggerListener.log Command line argument: --add-opens=java.base/java.lang=ALL-UNNAMED
22-Sep-2026 06:44:24.608 INFO [main] org.apache.catalina.startup.VersionLoggerListener.log Command line argument: --add-opens=java.base/java.io=ALL-UNNAMED
22-Sep-2026 06:44:24.608 INFO [main] org.apache.catalina.startup.VersionLoggerListener.log Command line argument: --add-opens=java.base/java.util=ALL-UNNAMED
22-Sep-2026 06:44:24.608 INFO [main] org.apache.catalina.startup.VersionLoggerListener.log Command line argument: --add-opens=java.base/java.util.concurrent=ALL-UNNAMED
22-Sep-2026 06:44:24.608 INFO [main] org.apache.catalina.startup.VersionLoggerListener.log Command line argument: --add-opens=java.rmi/sun.rmi.transport=ALL-UNNAMED
22-Sep-2026 06:44:24.608 INFO [main] org.apache.catalina.startup.VersionLoggerListener.log Command line argument: -Dcatalina.home=C:\Tools\TomCat\apache-tomcat-10.1.59
22-Sep-2026 06:44:24.608 INFO [main] org.apache.catalina.startup.VersionLoggerListener.log Command line argument: -Dcatalina.base=C:\Users\Omar\Downloads\springmvc-plumbing-demo\SpringMVCDay2Remake-ApiStudy\src\main
22-Sep-2026 06:44:24.608 INFO [main] org.apache.catalina.startup.VersionLoggerListener.log Command line argument: -Djava.io.tmpdir=C:\Users\Omar\Downloads\springmvc-plumbing-demo\SpringMVCDay2Remake-ApiStudy\src\main\temp
22-Sep-2026 06:44:24.609 INFO [main] org.apache.catalina.startup.VersionLoggerListener.log Command line argument: -Djava.util.logging.config.file=C:\Users\Omar\Downloads\springmvc-plumbing-demo\SpringMVCDay2Remake-ApiStudy\src\main\conf\logging.properties
22-Sep-2026 06:44:24.609 INFO [main] org.apache.catalina.startup.VersionLoggerListener.log Command line argument: -Djava.util.logging.manager=org.apache.juli.ClassLoaderLogManager
22-Sep-2026 06:44:24.609 INFO [main] org.apache.catalina.startup.VersionLoggerListener.log Command line argument: -javaagent:C:\Program Files\JetBrains\IntelliJ IDEA 2026.2.1\lib\idea_rt.jar=58250
22-Sep-2026 06:44:24.609 INFO [main] org.apache.catalina.startup.VersionLoggerListener.log Command line argument: -Dfile.encoding=UTF-8
22-Sep-2026 06:44:24.609 INFO [main] org.apache.catalina.startup.VersionLoggerListener.log Command line argument: -Dsun.stdout.encoding=UTF-8
22-Sep-2026 06:44:24.609 INFO [main] org.apache.catalina.startup.VersionLoggerListener.log Command line argument: -Dsun.stderr.encoding=UTF-8
22-Sep-2026 06:44:24.612 INFO [main] org.apache.catalina.core.AprLifecycleListener.lifecycleEvent Loaded Apache Tomcat Native library [2.0.15] using APR version [1.7.6].
22-Sep-2026 06:44:24.618 INFO [main] org.apache.catalina.core.AprLifecycleListener.initializeSSL OpenSSL successfully initialized [OpenSSL 3.5.7 9 Jun 2026]
22-Sep-2026 06:44:24.881 INFO [main] org.apache.coyote.AbstractProtocol.init Initializing ProtocolHandler ["http-nio-8083"]
22-Sep-2026 06:44:24.906 INFO [main] org.apache.catalina.startup.Catalina.load Server initialization in [523] milliseconds
22-Sep-2026 06:44:24.962 INFO [main] org.apache.catalina.core.StandardService.startInternal Starting service [Catalina]
22-Sep-2026 06:44:24.963 INFO [main] org.apache.catalina.core.StandardEngine.startInternal Starting Servlet engine: [Apache Tomcat/10.1.59]
22-Sep-2026 06:44:24.975 INFO [main] org.apache.catalina.startup.HostConfig.deployDescriptor Deploying deployment descriptor [C:\Users\Omar\Downloads\springmvc-plumbing-demo\SpringMVCDay2Remake-ApiStudy\src\main\conf\Catalina\localhost\SpringMVCDay2Remake-ApiStudy.xml]
22-Sep-2026 06:44:26.885 INFO [main] org.apache.jasper.servlet.TldScanner.scanJars At least one JAR was scanned for TLDs yet contained no TLDs. Enable debug logging for this logger for a complete list of JARs that were scanned but no TLDs were found in them. Skipping unneeded JARs during scanning can improve startup time and JSP compilation time.
22-Sep-2026 06:44:29.102 INFO [main] org.apache.catalina.startup.HostConfig.deployDescriptor Deployment of deployment descriptor [C:\Users\Omar\Downloads\springmvc-plumbing-demo\SpringMVCDay2Remake-ApiStudy\src\main\conf\Catalina\localhost\SpringMVCDay2Remake-ApiStudy.xml] has finished in [4,126] ms
22-Sep-2026 06:44:29.106 INFO [main] org.apache.coyote.AbstractProtocol.start Starting ProtocolHandler ["http-nio-8083"]
22-Sep-2026 06:44:29.130 INFO [main] org.apache.catalina.startup.Catalina.start Server startup in [4222] milliseconds
22-Sep-2026 06:50:15.365 INFO [Thread-1] org.apache.coyote.AbstractProtocol.pause Pausing ProtocolHandler ["http-nio-8083"]
22-Sep-2026 06:50:15.375 INFO [Thread-1] org.apache.catalina.core.StandardService.stopInternal Stopping service [Catalina]
22-Sep-2026 06:50:15.402 INFO [Thread-1] org.apache.coyote.AbstractProtocol.stop Stopping ProtocolHandler ["http-nio-8083"]
22-Sep-2026 06:50:15.416 INFO [Thread-1] org.apache.coyote.AbstractProtocol.destroy Destroying ProtocolHandler ["http-nio-8083"]
22-Sep-2026 06:50:18.722 INFO [main] org.apache.catalina.startup.VersionLoggerListener.log Server version name:   Apache Tomcat/10.1.59
22-Sep-2026 06:50:18.737 INFO [main] org.apache.catalina.startup.VersionLoggerListener.log Server built:          Aug 13 2026 16:59:10 UTC
22-Sep-2026 06:50:18.738 INFO [main] org.apache.catalina.startup.VersionLoggerListener.log Server version number: 10.1.59.0
22-Sep-2026 06:50:18.738 INFO [main] org.apache.catalina.startup.VersionLoggerListener.log OS Name:               Windows 11
22-Sep-2026 06:50:18.738 INFO [main] org.apache.catalina.startup.VersionLoggerListener.log OS Version:            10.0
22-Sep-2026 06:50:18.738 INFO [main] org.apache.catalina.startup.VersionLoggerListener.log Architecture:          amd64
22-Sep-2026 06:50:18.738 INFO [main] org.apache.catalina.startup.VersionLoggerListener.log Java Home:             C:\Program Files\Java\jdk-21.0.11
22-Sep-2026 06:50:18.739 INFO [main] org.apache.catalina.startup.VersionLoggerListener.log JVM Version:           21.0.11+9-LTS-211
22-Sep-2026 06:50:18.739 INFO [main] org.apache.catalina.startup.VersionLoggerListener.log JVM Vendor:            Oracle Corporation
22-Sep-2026 06:50:18.739 INFO [main] org.apache.catalina.startup.VersionLoggerListener.log CATALINA_BASE:         C:\Users\Omar\Downloads\springmvc-plumbing-demo\SpringMVCDay2Remake-ApiStudy\src\main
22-Sep-2026 06:50:18.739 INFO [main] org.apache.catalina.startup.VersionLoggerListener.log CATALINA_HOME:         C:\Tools\TomCat\apache-tomcat-10.1.59
22-Sep-2026 06:50:18.749 INFO [main] org.apache.catalina.startup.VersionLoggerListener.log Command line argument: --add-opens=java.base/java.lang=ALL-UNNAMED
22-Sep-2026 06:50:18.749 INFO [main] org.apache.catalina.startup.VersionLoggerListener.log Command line argument: --add-opens=java.base/java.io=ALL-UNNAMED
22-Sep-2026 06:50:18.749 INFO [main] org.apache.catalina.startup.VersionLoggerListener.log Command line argument: --add-opens=java.base/java.util=ALL-UNNAMED
22-Sep-2026 06:50:18.749 INFO [main] org.apache.catalina.startup.VersionLoggerListener.log Command line argument: --add-opens=java.base/java.util.concurrent=ALL-UNNAMED
22-Sep-2026 06:50:18.750 INFO [main] org.apache.catalina.startup.VersionLoggerListener.log Command line argument: --add-opens=java.rmi/sun.rmi.transport=ALL-UNNAMED
22-Sep-2026 06:50:18.750 INFO [main] org.apache.catalina.startup.VersionLoggerListener.log Command line argument: -Dcatalina.home=C:\Tools\TomCat\apache-tomcat-10.1.59
22-Sep-2026 06:50:18.750 INFO [main] org.apache.catalina.startup.VersionLoggerListener.log Command line argument: -Dcatalina.base=C:\Users\Omar\Downloads\springmvc-plumbing-demo\SpringMVCDay2Remake-ApiStudy\src\main
22-Sep-2026 06:50:18.750 INFO [main] org.apache.catalina.startup.VersionLoggerListener.log Command line argument: -Djava.io.tmpdir=C:\Users\Omar\Downloads\springmvc-plumbing-demo\SpringMVCDay2Remake-ApiStudy\src\main\temp
22-Sep-2026 06:50:18.750 INFO [main] org.apache.catalina.startup.VersionLoggerListener.log Command line argument: -Djava.util.logging.config.file=C:\Users\Omar\Downloads\springmvc-plumbing-demo\SpringMVCDay2Remake-ApiStudy\src\main\conf\logging.properties
22-Sep-2026 06:50:18.750 INFO [main] org.apache.catalina.startup.VersionLoggerListener.log Command line argument: -Djava.util.logging.manager=org.apache.juli.ClassLoaderLogManager
22-Sep-2026 06:50:18.752 INFO [main] org.apache.catalina.startup.VersionLoggerListener.log Command line argument: -javaagent:C:\Program Files\JetBrains\IntelliJ IDEA 2026.2.1\lib\idea_rt.jar=63219
22-Sep-2026 06:50:18.752 INFO [main] org.apache.catalina.startup.VersionLoggerListener.log Command line argument: -Dfile.encoding=UTF-8
22-Sep-2026 06:50:18.752 INFO [main] org.apache.catalina.startup.VersionLoggerListener.log Command line argument: -Dsun.stdout.encoding=UTF-8
22-Sep-2026 06:50:18.752 INFO [main] org.apache.catalina.startup.VersionLoggerListener.log Command line argument: -Dsun.stderr.encoding=UTF-8
22-Sep-2026 06:50:18.755 INFO [main] org.apache.catalina.core.AprLifecycleListener.lifecycleEvent Loaded Apache Tomcat Native library [2.0.15] using APR version [1.7.6].
22-Sep-2026 06:50:18.764 INFO [main] org.apache.catalina.core.AprLifecycleListener.initializeSSL OpenSSL successfully initialized [OpenSSL 3.5.7 9 Jun 2026]
22-Sep-2026 06:50:19.102 INFO [main] org.apache.coyote.AbstractProtocol.init Initializing ProtocolHandler ["http-nio-8083"]
22-Sep-2026 06:50:19.123 INFO [main] org.apache.catalina.startup.Catalina.load Server initialization in [606] milliseconds
22-Sep-2026 06:50:19.183 INFO [main] org.apache.catalina.core.StandardService.startInternal Starting service [Catalina]
22-Sep-2026 06:50:19.183 INFO [main] org.apache.catalina.core.StandardEngine.startInternal Starting Servlet engine: [Apache Tomcat/10.1.59]
22-Sep-2026 06:50:19.195 INFO [main] org.apache.catalina.startup.HostConfig.deployDescriptor Deploying deployment descriptor [C:\Users\Omar\Downloads\springmvc-plumbing-demo\SpringMVCDay2Remake-ApiStudy\src\main\conf\Catalina\localhost\SpringMVCDay2Remake-ApiStudy.xml]
22-Sep-2026 06:50:21.381 INFO [main] org.apache.jasper.servlet.TldScanner.scanJars At least one JAR was scanned for TLDs yet contained no TLDs. Enable debug logging for this logger for a complete list of JARs that were scanned but no TLDs were found in them. Skipping unneeded JARs during scanning can improve startup time and JSP compilation time.
22-Sep-2026 06:50:23.606 INFO [main] org.apache.catalina.startup.HostConfig.deployDescriptor Deployment of deployment descriptor [C:\Users\Omar\Downloads\springmvc-plumbing-demo\SpringMVCDay2Remake-ApiStudy\src\main\conf\Catalina\localhost\SpringMVCDay2Remake-ApiStudy.xml] has finished in [4,411] ms
22-Sep-2026 06:50:23.612 INFO [main] org.apache.coyote.AbstractProtocol.start Starting ProtocolHandler ["http-nio-8083"]
22-Sep-2026 06:50:23.635 INFO [main] org.apache.catalina.startup.Catalina.start Server startup in [4510] milliseconds
22-Sep-2026 06:52:24.055 INFO [Thread-1] org.apache.coyote.AbstractProtocol.pause Pausing ProtocolHandler ["http-nio-8083"]
22-Sep-2026 06:52:24.067 INFO [Thread-1] org.apache.catalina.core.StandardService.stopInternal Stopping service [Catalina]
22-Sep-2026 06:52:24.094 INFO [Thread-1] org.apache.coyote.AbstractProtocol.stop Stopping ProtocolHandler ["http-nio-8083"]
22-Sep-2026 06:52:24.097 INFO [Thread-1] org.apache.coyote.AbstractProtocol.destroy Destroying ProtocolHandler ["http-nio-8083"]
22-Sep-2026 06:52:25.735 INFO [main] org.apache.catalina.startup.VersionLoggerListener.log Server version name:   Apache Tomcat/10.1.59
22-Sep-2026 06:52:25.741 INFO [main] org.apache.catalina.startup.VersionLoggerListener.log Server built:          Aug 13 2026 16:59:10 UTC
22-Sep-2026 06:52:25.741 INFO [main] org.apache.catalina.startup.VersionLoggerListener.log Server version number: 10.1.59.0
22-Sep-2026 06:52:25.741 INFO [main] org.apache.catalina.startup.VersionLoggerListener.log OS Name:               Windows 11
22-Sep-2026 06:52:25.741 INFO [main] org.apache.catalina.startup.VersionLoggerListener.log OS Version:            10.0
22-Sep-2026 06:52:25.741 INFO [main] org.apache.catalina.startup.VersionLoggerListener.log Architecture:          amd64
22-Sep-2026 06:52:25.741 INFO [main] org.apache.catalina.startup.VersionLoggerListener.log Java Home:             C:\Program Files\Java\jdk-21.0.11
22-Sep-2026 06:52:25.742 INFO [main] org.apache.catalina.startup.VersionLoggerListener.log JVM Version:           21.0.11+9-LTS-211
22-Sep-2026 06:52:25.742 INFO [main] org.apache.catalina.startup.VersionLoggerListener.log JVM Vendor:            Oracle Corporation
22-Sep-2026 06:52:25.742 INFO [main] org.apache.catalina.startup.VersionLoggerListener.log CATALINA_BASE:         C:\Users\Omar\Downloads\springmvc-plumbing-demo\SpringMVCDay2Remake-ApiStudy\src\main
22-Sep-2026 06:52:25.742 INFO [main] org.apache.catalina.startup.VersionLoggerListener.log CATALINA_HOME:         C:\Tools\TomCat\apache-tomcat-10.1.59
22-Sep-2026 06:52:25.751 INFO [main] org.apache.catalina.startup.VersionLoggerListener.log Command line argument: --add-opens=java.base/java.lang=ALL-UNNAMED
22-Sep-2026 06:52:25.752 INFO [main] org.apache.catalina.startup.VersionLoggerListener.log Command line argument: --add-opens=java.base/java.io=ALL-UNNAMED
22-Sep-2026 06:52:25.752 INFO [main] org.apache.catalina.startup.VersionLoggerListener.log Command line argument: --add-opens=java.base/java.util=ALL-UNNAMED
22-Sep-2026 06:52:25.752 INFO [main] org.apache.catalina.startup.VersionLoggerListener.log Command line argument: --add-opens=java.base/java.util.concurrent=ALL-UNNAMED
22-Sep-2026 06:52:25.752 INFO [main] org.apache.catalina.startup.VersionLoggerListener.log Command line argument: --add-opens=java.rmi/sun.rmi.transport=ALL-UNNAMED
22-Sep-2026 06:52:25.752 INFO [main] org.apache.catalina.startup.VersionLoggerListener.log Command line argument: -Dcatalina.home=C:\Tools\TomCat\apache-tomcat-10.1.59
22-Sep-2026 06:52:25.752 INFO [main] org.apache.catalina.startup.VersionLoggerListener.log Command line argument: -Dcatalina.base=C:\Users\Omar\Downloads\springmvc-plumbing-demo\SpringMVCDay2Remake-ApiStudy\src\main
22-Sep-2026 06:52:25.752 INFO [main] org.apache.catalina.startup.VersionLoggerListener.log Command line argument: -Djava.io.tmpdir=C:\Users\Omar\Downloads\springmvc-plumbing-demo\SpringMVCDay2Remake-ApiStudy\src\main\temp
22-Sep-2026 06:52:25.752 INFO [main] org.apache.catalina.startup.VersionLoggerListener.log Command line argument: -Djava.util.logging.config.file=C:\Users\Omar\Downloads\springmvc-plumbing-demo\SpringMVCDay2Remake-ApiStudy\src\main\conf\logging.properties
22-Sep-2026 06:52:25.753 INFO [main] org.apache.catalina.startup.VersionLoggerListener.log Command line argument: -Djava.util.logging.manager=org.apache.juli.ClassLoaderLogManager
22-Sep-2026 06:52:25.753 INFO [main] org.apache.catalina.startup.VersionLoggerListener.log Command line argument: -javaagent:C:\Program Files\JetBrains\IntelliJ IDEA 2026.2.1\lib\idea_rt.jar=60583
22-Sep-2026 06:52:25.753 INFO [main] org.apache.catalina.startup.VersionLoggerListener.log Command line argument: -Dfile.encoding=UTF-8
22-Sep-2026 06:52:25.753 INFO [main] org.apache.catalina.startup.VersionLoggerListener.log Command line argument: -Dsun.stdout.encoding=UTF-8
22-Sep-2026 06:52:25.753 INFO [main] org.apache.catalina.startup.VersionLoggerListener.log Command line argument: -Dsun.stderr.encoding=UTF-8
22-Sep-2026 06:52:25.756 INFO [main] org.apache.catalina.core.AprLifecycleListener.lifecycleEvent Loaded Apache Tomcat Native library [2.0.15] using APR version [1.7.6].
22-Sep-2026 06:52:25.763 INFO [main] org.apache.catalina.core.AprLifecycleListener.initializeSSL OpenSSL successfully initialized [OpenSSL 3.5.7 9 Jun 2026]
22-Sep-2026 06:52:26.050 INFO [main] org.apache.coyote.AbstractProtocol.init Initializing ProtocolHandler ["http-nio-8083"]
22-Sep-2026 06:52:26.077 INFO [main] org.apache.catalina.startup.Catalina.load Server initialization in [522] milliseconds
22-Sep-2026 06:52:26.127 INFO [main] org.apache.catalina.core.StandardService.startInternal Starting service [Catalina]
22-Sep-2026 06:52:26.127 INFO [main] org.apache.catalina.core.StandardEngine.startInternal Starting Servlet engine: [Apache Tomcat/10.1.59]
22-Sep-2026 06:52:26.148 INFO [main] org.apache.catalina.startup.HostConfig.deployDescriptor Deploying deployment descriptor [C:\Users\Omar\Downloads\springmvc-plumbing-demo\SpringMVCDay2Remake-ApiStudy\src\main\conf\Catalina\localhost\SpringMVCDay2Remake-ApiStudy.xml]
22-Sep-2026 06:52:28.112 INFO [main] org.apache.jasper.servlet.TldScanner.scanJars At least one JAR was scanned for TLDs yet contained no TLDs. Enable debug logging for this logger for a complete list of JARs that were scanned but no TLDs were found in them. Skipping unneeded JARs during scanning can improve startup time and JSP compilation time.
22-Sep-2026 06:52:30.326 INFO [main] org.apache.catalina.startup.HostConfig.deployDescriptor Deployment of deployment descriptor [C:\Users\Omar\Downloads\springmvc-plumbing-demo\SpringMVCDay2Remake-ApiStudy\src\main\conf\Catalina\localhost\SpringMVCDay2Remake-ApiStudy.xml] has finished in [4,175] ms
22-Sep-2026 06:52:30.330 INFO [main] org.apache.coyote.AbstractProtocol.start Starting ProtocolHandler ["http-nio-8083"]
22-Sep-2026 06:52:30.357 INFO [main] org.apache.catalina.startup.Catalina.start Server startup in [4279] milliseconds
22-Sep-2026 06:54:02.778 INFO [Thread-1] org.apache.coyote.AbstractProtocol.pause Pausing ProtocolHandler ["http-nio-8083"]
22-Sep-2026 06:54:02.786 INFO [Thread-1] org.apache.catalina.core.StandardService.stopInternal Stopping service [Catalina]
22-Sep-2026 06:54:02.814 INFO [Thread-1] org.apache.coyote.AbstractProtocol.stop Stopping ProtocolHandler ["http-nio-8083"]
22-Sep-2026 06:54:02.823 INFO [Thread-1] org.apache.coyote.AbstractProtocol.destroy Destroying ProtocolHandler ["http-nio-8083"]
22-Sep-2026 06:54:06.069 INFO [main] org.apache.catalina.startup.VersionLoggerListener.log Server version name:   Apache Tomcat/10.1.59
22-Sep-2026 06:54:06.074 INFO [main] org.apache.catalina.startup.VersionLoggerListener.log Server built:          Aug 13 2026 16:59:10 UTC
22-Sep-2026 06:54:06.076 INFO [main] org.apache.catalina.startup.VersionLoggerListener.log Server version number: 10.1.59.0
22-Sep-2026 06:54:06.076 INFO [main] org.apache.catalina.startup.VersionLoggerListener.log OS Name:               Windows 11
22-Sep-2026 06:54:06.076 INFO [main] org.apache.catalina.startup.VersionLoggerListener.log OS Version:            10.0
22-Sep-2026 06:54:06.076 INFO [main] org.apache.catalina.startup.VersionLoggerListener.log Architecture:          amd64
22-Sep-2026 06:54:06.076 INFO [main] org.apache.catalina.startup.VersionLoggerListener.log Java Home:             C:\Program Files\Java\jdk-21.0.11
22-Sep-2026 06:54:06.077 INFO [main] org.apache.catalina.startup.VersionLoggerListener.log JVM Version:           21.0.11+9-LTS-211
22-Sep-2026 06:54:06.077 INFO [main] org.apache.catalina.startup.VersionLoggerListener.log JVM Vendor:            Oracle Corporation
22-Sep-2026 06:54:06.077 INFO [main] org.apache.catalina.startup.VersionLoggerListener.log CATALINA_BASE:         C:\Users\Omar\Downloads\springmvc-plumbing-demo\SpringMVCDay2Remake-ApiStudy\src\main
22-Sep-2026 06:54:06.077 INFO [main] org.apache.catalina.startup.VersionLoggerListener.log CATALINA_HOME:         C:\Tools\TomCat\apache-tomcat-10.1.59
22-Sep-2026 06:54:06.084 INFO [main] org.apache.catalina.startup.VersionLoggerListener.log Command line argument: --add-opens=java.base/java.lang=ALL-UNNAMED
22-Sep-2026 06:54:06.084 INFO [main] org.apache.catalina.startup.VersionLoggerListener.log Command line argument: --add-opens=java.base/java.io=ALL-UNNAMED
22-Sep-2026 06:54:06.084 INFO [main] org.apache.catalina.startup.VersionLoggerListener.log Command line argument: --add-opens=java.base/java.util=ALL-UNNAMED
22-Sep-2026 06:54:06.084 INFO [main] org.apache.catalina.startup.VersionLoggerListener.log Command line argument: --add-opens=java.base/java.util.concurrent=ALL-UNNAMED
22-Sep-2026 06:54:06.084 INFO [main] org.apache.catalina.startup.VersionLoggerListener.log Command line argument: --add-opens=java.rmi/sun.rmi.transport=ALL-UNNAMED
22-Sep-2026 06:54:06.084 INFO [main] org.apache.catalina.startup.VersionLoggerListener.log Command line argument: -Dcatalina.home=C:\Tools\TomCat\apache-tomcat-10.1.59
22-Sep-2026 06:54:06.085 INFO [main] org.apache.catalina.startup.VersionLoggerListener.log Command line argument: -Dcatalina.base=C:\Users\Omar\Downloads\springmvc-plumbing-demo\SpringMVCDay2Remake-ApiStudy\src\main
22-Sep-2026 06:54:06.085 INFO [main] org.apache.catalina.startup.VersionLoggerListener.log Command line argument: -Djava.io.tmpdir=C:\Users\Omar\Downloads\springmvc-plumbing-demo\SpringMVCDay2Remake-ApiStudy\src\main\temp
22-Sep-2026 06:54:06.085 INFO [main] org.apache.catalina.startup.VersionLoggerListener.log Command line argument: -Djava.util.logging.config.file=C:\Users\Omar\Downloads\springmvc-plumbing-demo\SpringMVCDay2Remake-ApiStudy\src\main\conf\logging.properties
22-Sep-2026 06:54:06.085 INFO [main] org.apache.catalina.startup.VersionLoggerListener.log Command line argument: -Djava.util.logging.manager=org.apache.juli.ClassLoaderLogManager
22-Sep-2026 06:54:06.085 INFO [main] org.apache.catalina.startup.VersionLoggerListener.log Command line argument: -javaagent:C:\Program Files\JetBrains\IntelliJ IDEA 2026.2.1\lib\idea_rt.jar=50738
22-Sep-2026 06:54:06.085 INFO [main] org.apache.catalina.startup.VersionLoggerListener.log Command line argument: -Dfile.encoding=UTF-8
22-Sep-2026 06:54:06.087 INFO [main] org.apache.catalina.startup.VersionLoggerListener.log Command line argument: -Dsun.stdout.encoding=UTF-8
22-Sep-2026 06:54:06.087 INFO [main] org.apache.catalina.startup.VersionLoggerListener.log Command line argument: -Dsun.stderr.encoding=UTF-8
22-Sep-2026 06:54:06.089 INFO [main] org.apache.catalina.core.AprLifecycleListener.lifecycleEvent Loaded Apache Tomcat Native library [2.0.15] using APR version [1.7.6].
22-Sep-2026 06:54:06.095 INFO [main] org.apache.catalina.core.AprLifecycleListener.initializeSSL OpenSSL successfully initialized [OpenSSL 3.5.7 9 Jun 2026]
22-Sep-2026 06:54:06.385 INFO [main] org.apache.coyote.AbstractProtocol.init Initializing ProtocolHandler ["http-nio-8083"]
22-Sep-2026 06:54:06.406 INFO [main] org.apache.catalina.startup.Catalina.load Server initialization in [504] milliseconds
22-Sep-2026 06:54:06.468 INFO [main] org.apache.catalina.core.StandardService.startInternal Starting service [Catalina]
22-Sep-2026 06:54:06.469 INFO [main] org.apache.catalina.core.StandardEngine.startInternal Starting Servlet engine: [Apache Tomcat/10.1.59]
22-Sep-2026 06:54:06.479 INFO [main] org.apache.catalina.startup.HostConfig.deployDescriptor Deploying deployment descriptor [C:\Users\Omar\Downloads\springmvc-plumbing-demo\SpringMVCDay2Remake-ApiStudy\src\main\conf\Catalina\localhost\SpringMVCDay2Remake-ApiStudy.xml]
22-Sep-2026 06:54:08.585 INFO [main] org.apache.jasper.servlet.TldScanner.scanJars At least one JAR was scanned for TLDs yet contained no TLDs. Enable debug logging for this logger for a complete list of JARs that were scanned but no TLDs were found in them. Skipping unneeded JARs during scanning can improve startup time and JSP compilation time.
22-Sep-2026 06:54:10.832 INFO [main] org.apache.catalina.startup.HostConfig.deployDescriptor Deployment of deployment descriptor [C:\Users\Omar\Downloads\springmvc-plumbing-demo\SpringMVCDay2Remake-ApiStudy\src\main\conf\Catalina\localhost\SpringMVCDay2Remake-ApiStudy.xml] has finished in [4,352] ms
22-Sep-2026 06:54:10.837 INFO [main] org.apache.coyote.AbstractProtocol.start Starting ProtocolHandler ["http-nio-8083"]
22-Sep-2026 06:54:10.868 INFO [main] org.apache.catalina.startup.Catalina.start Server startup in [4460] milliseconds
22-Sep-2026 06:55:28.762 INFO [Thread-1] org.apache.coyote.AbstractProtocol.pause Pausing ProtocolHandler ["http-nio-8083"]
22-Sep-2026 06:55:28.772 INFO [Thread-1] org.apache.catalina.core.StandardService.stopInternal Stopping service [Catalina]
22-Sep-2026 06:55:28.803 INFO [Thread-1] org.apache.coyote.AbstractProtocol.stop Stopping ProtocolHandler ["http-nio-8083"]
22-Sep-2026 06:55:28.812 INFO [Thread-1] org.apache.coyote.AbstractProtocol.destroy Destroying ProtocolHandler ["http-nio-8083"]
22-Sep-2026 06:55:32.150 INFO [main] org.apache.catalina.startup.VersionLoggerListener.log Server version name:   Apache Tomcat/10.1.59
22-Sep-2026 06:55:32.157 INFO [main] org.apache.catalina.startup.VersionLoggerListener.log Server built:          Aug 13 2026 16:59:10 UTC
22-Sep-2026 06:55:32.158 INFO [main] org.apache.catalina.startup.VersionLoggerListener.log Server version number: 10.1.59.0
22-Sep-2026 06:55:32.159 INFO [main] org.apache.catalina.startup.VersionLoggerListener.log OS Name:               Windows 11
22-Sep-2026 06:55:32.159 INFO [main] org.apache.catalina.startup.VersionLoggerListener.log OS Version:            10.0
22-Sep-2026 06:55:32.159 INFO [main] org.apache.catalina.startup.VersionLoggerListener.log Architecture:          amd64
22-Sep-2026 06:55:32.159 INFO [main] org.apache.catalina.startup.VersionLoggerListener.log Java Home:             C:\Program Files\Java\jdk-21.0.11
22-Sep-2026 06:55:32.160 INFO [main] org.apache.catalina.startup.VersionLoggerListener.log JVM Version:           21.0.11+9-LTS-211
22-Sep-2026 06:55:32.160 INFO [main] org.apache.catalina.startup.VersionLoggerListener.log JVM Vendor:            Oracle Corporation
22-Sep-2026 06:55:32.160 INFO [main] org.apache.catalina.startup.VersionLoggerListener.log CATALINA_BASE:         C:\Users\Omar\Downloads\springmvc-plumbing-demo\SpringMVCDay2Remake-ApiStudy\src\main
22-Sep-2026 06:55:32.161 INFO [main] org.apache.catalina.startup.VersionLoggerListener.log CATALINA_HOME:         C:\Tools\TomCat\apache-tomcat-10.1.59
22-Sep-2026 06:55:32.173 INFO [main] org.apache.catalina.startup.VersionLoggerListener.log Command line argument: --add-opens=java.base/java.lang=ALL-UNNAMED
22-Sep-2026 06:55:32.174 INFO [main] org.apache.catalina.startup.VersionLoggerListener.log Command line argument: --add-opens=java.base/java.io=ALL-UNNAMED
22-Sep-2026 06:55:32.174 INFO [main] org.apache.catalina.startup.VersionLoggerListener.log Command line argument: --add-opens=java.base/java.util=ALL-UNNAMED
22-Sep-2026 06:55:32.174 INFO [main] org.apache.catalina.startup.VersionLoggerListener.log Command line argument: --add-opens=java.base/java.util.concurrent=ALL-UNNAMED
22-Sep-2026 06:55:32.174 INFO [main] org.apache.catalina.startup.VersionLoggerListener.log Command line argument: --add-opens=java.rmi/sun.rmi.transport=ALL-UNNAMED
22-Sep-2026 06:55:32.174 INFO [main] org.apache.catalina.startup.VersionLoggerListener.log Command line argument: -Dcatalina.home=C:\Tools\TomCat\apache-tomcat-10.1.59
22-Sep-2026 06:55:32.174 INFO [main] org.apache.catalina.startup.VersionLoggerListener.log Command line argument: -Dcatalina.base=C:\Users\Omar\Downloads\springmvc-plumbing-demo\SpringMVCDay2Remake-ApiStudy\src\main
22-Sep-2026 06:55:32.175 INFO [main] org.apache.catalina.startup.VersionLoggerListener.log Command line argument: -Djava.io.tmpdir=C:\Users\Omar\Downloads\springmvc-plumbing-demo\SpringMVCDay2Remake-ApiStudy\src\main\temp
22-Sep-2026 06:55:32.175 INFO [main] org.apache.catalina.startup.VersionLoggerListener.log Command line argument: -Djava.util.logging.config.file=C:\Users\Omar\Downloads\springmvc-plumbing-demo\SpringMVCDay2Remake-ApiStudy\src\main\conf\logging.properties
22-Sep-2026 06:55:32.175 INFO [main] org.apache.catalina.startup.VersionLoggerListener.log Command line argument: -Djava.util.logging.manager=org.apache.juli.ClassLoaderLogManager
22-Sep-2026 06:55:32.176 INFO [main] org.apache.catalina.startup.VersionLoggerListener.log Command line argument: -javaagent:C:\Program Files\JetBrains\IntelliJ IDEA 2026.2.1\lib\idea_rt.jar=52101
22-Sep-2026 06:55:32.176 INFO [main] org.apache.catalina.startup.VersionLoggerListener.log Command line argument: -Dfile.encoding=UTF-8
22-Sep-2026 06:55:32.177 INFO [main] org.apache.catalina.startup.VersionLoggerListener.log Command line argument: -Dsun.stdout.encoding=UTF-8
22-Sep-2026 06:55:32.177 INFO [main] org.apache.catalina.startup.VersionLoggerListener.log Command line argument: -Dsun.stderr.encoding=UTF-8
22-Sep-2026 06:55:32.180 INFO [main] org.apache.catalina.core.AprLifecycleListener.lifecycleEvent Loaded Apache Tomcat Native library [2.0.15] using APR version [1.7.6].
22-Sep-2026 06:55:32.189 INFO [main] org.apache.catalina.core.AprLifecycleListener.initializeSSL OpenSSL successfully initialized [OpenSSL 3.5.7 9 Jun 2026]
22-Sep-2026 06:55:32.524 INFO [main] org.apache.coyote.AbstractProtocol.init Initializing ProtocolHandler ["http-nio-8083"]
22-Sep-2026 06:55:32.546 INFO [main] org.apache.catalina.startup.Catalina.load Server initialization in [596] milliseconds
22-Sep-2026 06:55:32.639 INFO [main] org.apache.catalina.core.StandardService.startInternal Starting service [Catalina]
22-Sep-2026 06:55:32.640 INFO [main] org.apache.catalina.core.StandardEngine.startInternal Starting Servlet engine: [Apache Tomcat/10.1.59]
22-Sep-2026 06:55:32.656 INFO [main] org.apache.catalina.startup.HostConfig.deployDescriptor Deploying deployment descriptor [C:\Users\Omar\Downloads\springmvc-plumbing-demo\SpringMVCDay2Remake-ApiStudy\src\main\conf\Catalina\localhost\SpringMVCDay2Remake-ApiStudy.xml]
22-Sep-2026 06:55:34.595 INFO [main] org.apache.jasper.servlet.TldScanner.scanJars At least one JAR was scanned for TLDs yet contained no TLDs. Enable debug logging for this logger for a complete list of JARs that were scanned but no TLDs were found in them. Skipping unneeded JARs during scanning can improve startup time and JSP compilation time.
22-Sep-2026 06:55:36.798 INFO [main] org.apache.catalina.startup.HostConfig.deployDescriptor Deployment of deployment descriptor [C:\Users\Omar\Downloads\springmvc-plumbing-demo\SpringMVCDay2Remake-ApiStudy\src\main\conf\Catalina\localhost\SpringMVCDay2Remake-ApiStudy.xml] has finished in [4,141] ms
22-Sep-2026 06:55:36.802 INFO [main] org.apache.coyote.AbstractProtocol.start Starting ProtocolHandler ["http-nio-8083"]
22-Sep-2026 06:55:36.829 INFO [main] org.apache.catalina.startup.Catalina.start Server startup in [4280] milliseconds
22-Sep-2026 06:58:41.107 INFO [Thread-1] org.apache.coyote.AbstractProtocol.pause Pausing ProtocolHandler ["http-nio-8083"]
22-Sep-2026 06:58:41.114 INFO [Thread-1] org.apache.catalina.core.StandardService.stopInternal Stopping service [Catalina]
22-Sep-2026 06:58:41.138 INFO [Thread-1] org.apache.coyote.AbstractProtocol.stop Stopping ProtocolHandler ["http-nio-8083"]
22-Sep-2026 06:58:41.153 INFO [Thread-1] org.apache.coyote.AbstractProtocol.destroy Destroying ProtocolHandler ["http-nio-8083"]
22-Sep-2026 06:58:43.909 INFO [main] org.apache.catalina.startup.VersionLoggerListener.log Server version name:   Apache Tomcat/10.1.59
22-Sep-2026 06:58:43.915 INFO [main] org.apache.catalina.startup.VersionLoggerListener.log Server built:          Aug 13 2026 16:59:10 UTC
22-Sep-2026 06:58:43.915 INFO [main] org.apache.catalina.startup.VersionLoggerListener.log Server version number: 10.1.59.0
22-Sep-2026 06:58:43.916 INFO [main] org.apache.catalina.startup.VersionLoggerListener.log OS Name:               Windows 11
22-Sep-2026 06:58:43.916 INFO [main] org.apache.catalina.startup.VersionLoggerListener.log OS Version:            10.0
22-Sep-2026 06:58:43.917 INFO [main] org.apache.catalina.startup.VersionLoggerListener.log Architecture:          amd64
22-Sep-2026 06:58:43.917 INFO [main] org.apache.catalina.startup.VersionLoggerListener.log Java Home:             C:\Program Files\Java\jdk-21.0.11
22-Sep-2026 06:58:43.918 INFO [main] org.apache.catalina.startup.VersionLoggerListener.log JVM Version:           21.0.11+9-LTS-211
22-Sep-2026 06:58:43.918 INFO [main] org.apache.catalina.startup.VersionLoggerListener.log JVM Vendor:            Oracle Corporation
22-Sep-2026 06:58:43.918 INFO [main] org.apache.catalina.startup.VersionLoggerListener.log CATALINA_BASE:         C:\Users\Omar\Downloads\springmvc-plumbing-demo\SpringMVCDay2Remake-ApiStudy\src\main
22-Sep-2026 06:58:43.918 INFO [main] org.apache.catalina.startup.VersionLoggerListener.log CATALINA_HOME:         C:\Tools\TomCat\apache-tomcat-10.1.59
22-Sep-2026 06:58:43.928 INFO [main] org.apache.catalina.startup.VersionLoggerListener.log Command line argument: --add-opens=java.base/java.lang=ALL-UNNAMED
22-Sep-2026 06:58:43.929 INFO [main] org.apache.catalina.startup.VersionLoggerListener.log Command line argument: --add-opens=java.base/java.io=ALL-UNNAMED
22-Sep-2026 06:58:43.929 INFO [main] org.apache.catalina.startup.VersionLoggerListener.log Command line argument: --add-opens=java.base/java.util=ALL-UNNAMED
22-Sep-2026 06:58:43.929 INFO [main] org.apache.catalina.startup.VersionLoggerListener.log Command line argument: --add-opens=java.base/java.util.concurrent=ALL-UNNAMED
22-Sep-2026 06:58:43.929 INFO [main] org.apache.catalina.startup.VersionLoggerListener.log Command line argument: --add-opens=java.rmi/sun.rmi.transport=ALL-UNNAMED
22-Sep-2026 06:58:43.929 INFO [main] org.apache.catalina.startup.VersionLoggerListener.log Command line argument: -Dcatalina.home=C:\Tools\TomCat\apache-tomcat-10.1.59
22-Sep-2026 06:58:43.929 INFO [main] org.apache.catalina.startup.VersionLoggerListener.log Command line argument: -Dcatalina.base=C:\Users\Omar\Downloads\springmvc-plumbing-demo\SpringMVCDay2Remake-ApiStudy\src\main
22-Sep-2026 06:58:43.929 INFO [main] org.apache.catalina.startup.VersionLoggerListener.log Command line argument: -Djava.io.tmpdir=C:\Users\Omar\Downloads\springmvc-plumbing-demo\SpringMVCDay2Remake-ApiStudy\src\main\temp
22-Sep-2026 06:58:43.929 INFO [main] org.apache.catalina.startup.VersionLoggerListener.log Command line argument: -Djava.util.logging.config.file=C:\Users\Omar\Downloads\springmvc-plumbing-demo\SpringMVCDay2Remake-ApiStudy\src\main\conf\logging.properties
22-Sep-2026 06:58:43.930 INFO [main] org.apache.catalina.startup.VersionLoggerListener.log Command line argument: -Djava.util.logging.manager=org.apache.juli.ClassLoaderLogManager
22-Sep-2026 06:58:43.930 INFO [main] org.apache.catalina.startup.VersionLoggerListener.log Command line argument: -javaagent:C:\Program Files\JetBrains\IntelliJ IDEA 2026.2.1\lib\idea_rt.jar=55145
22-Sep-2026 06:58:43.930 INFO [main] org.apache.catalina.startup.VersionLoggerListener.log Command line argument: -Dfile.encoding=UTF-8
22-Sep-2026 06:58:43.930 INFO [main] org.apache.catalina.startup.VersionLoggerListener.log Command line argument: -Dsun.stdout.encoding=UTF-8
22-Sep-2026 06:58:43.930 INFO [main] org.apache.catalina.startup.VersionLoggerListener.log Command line argument: -Dsun.stderr.encoding=UTF-8
22-Sep-2026 06:58:43.934 INFO [main] org.apache.catalina.core.AprLifecycleListener.lifecycleEvent Loaded Apache Tomcat Native library [2.0.15] using APR version [1.7.6].
22-Sep-2026 06:58:43.943 INFO [main] org.apache.catalina.core.AprLifecycleListener.initializeSSL OpenSSL successfully initialized [OpenSSL 3.5.7 9 Jun 2026]
22-Sep-2026 06:58:44.274 INFO [main] org.apache.coyote.AbstractProtocol.init Initializing ProtocolHandler ["http-nio-8083"]
22-Sep-2026 06:58:44.295 INFO [main] org.apache.catalina.startup.Catalina.load Server initialization in [616] milliseconds
22-Sep-2026 06:58:44.381 INFO [main] org.apache.catalina.core.StandardService.startInternal Starting service [Catalina]
22-Sep-2026 06:58:44.381 INFO [main] org.apache.catalina.core.StandardEngine.startInternal Starting Servlet engine: [Apache Tomcat/10.1.59]
22-Sep-2026 06:58:44.394 INFO [main] org.apache.catalina.startup.HostConfig.deployDescriptor Deploying deployment descriptor [C:\Users\Omar\Downloads\springmvc-plumbing-demo\SpringMVCDay2Remake-ApiStudy\src\main\conf\Catalina\localhost\SpringMVCDay2Remake-ApiStudy.xml]
22-Sep-2026 06:58:46.435 INFO [main] org.apache.jasper.servlet.TldScanner.scanJars At least one JAR was scanned for TLDs yet contained no TLDs. Enable debug logging for this logger for a complete list of JARs that were scanned but no TLDs were found in them. Skipping unneeded JARs during scanning can improve startup time and JSP compilation time.
22-Sep-2026 06:58:48.778 INFO [main] org.apache.catalina.startup.HostConfig.deployDescriptor Deployment of deployment descriptor [C:\Users\Omar\Downloads\springmvc-plumbing-demo\SpringMVCDay2Remake-ApiStudy\src\main\conf\Catalina\localhost\SpringMVCDay2Remake-ApiStudy.xml] has finished in [4,384] ms
22-Sep-2026 06:58:48.782 INFO [main] org.apache.coyote.AbstractProtocol.start Starting ProtocolHandler ["http-nio-8083"]
22-Sep-2026 06:58:48.804 INFO [main] org.apache.catalina.startup.Catalina.start Server startup in [4507] milliseconds
22-Sep-2026 07:03:44.095 INFO [Thread-1] org.apache.coyote.AbstractProtocol.pause Pausing ProtocolHandler ["http-nio-8083"]
22-Sep-2026 07:03:44.103 INFO [Thread-1] org.apache.catalina.core.StandardService.stopInternal Stopping service [Catalina]
22-Sep-2026 07:03:44.129 INFO [Thread-1] org.apache.coyote.AbstractProtocol.stop Stopping ProtocolHandler ["http-nio-8083"]
22-Sep-2026 07:03:44.133 INFO [Thread-1] org.apache.coyote.AbstractProtocol.destroy Destroying ProtocolHandler ["http-nio-8083"]
22-Sep-2026 07:03:47.115 INFO [main] org.apache.catalina.startup.VersionLoggerListener.log Server version name:   Apache Tomcat/10.1.59
22-Sep-2026 07:03:47.120 INFO [main] org.apache.catalina.startup.VersionLoggerListener.log Server built:          Aug 13 2026 16:59:10 UTC
22-Sep-2026 07:03:47.120 INFO [main] org.apache.catalina.startup.VersionLoggerListener.log Server version number: 10.1.59.0
22-Sep-2026 07:03:47.121 INFO [main] org.apache.catalina.startup.VersionLoggerListener.log OS Name:               Windows 11
22-Sep-2026 07:03:47.121 INFO [main] org.apache.catalina.startup.VersionLoggerListener.log OS Version:            10.0
22-Sep-2026 07:03:47.121 INFO [main] org.apache.catalina.startup.VersionLoggerListener.log Architecture:          amd64
22-Sep-2026 07:03:47.121 INFO [main] org.apache.catalina.startup.VersionLoggerListener.log Java Home:             C:\Program Files\Java\jdk-21.0.11
22-Sep-2026 07:03:47.121 INFO [main] org.apache.catalina.startup.VersionLoggerListener.log JVM Version:           21.0.11+9-LTS-211
22-Sep-2026 07:03:47.121 INFO [main] org.apache.catalina.startup.VersionLoggerListener.log JVM Vendor:            Oracle Corporation
22-Sep-2026 07:03:47.122 INFO [main] org.apache.catalina.startup.VersionLoggerListener.log CATALINA_BASE:         C:\Users\Omar\Downloads\springmvc-plumbing-demo\SpringMVCDay2Remake-ApiStudy\src\main
22-Sep-2026 07:03:47.122 INFO [main] org.apache.catalina.startup.VersionLoggerListener.log CATALINA_HOME:         C:\Tools\TomCat\apache-tomcat-10.1.59
22-Sep-2026 07:03:47.131 INFO [main] org.apache.catalina.startup.VersionLoggerListener.log Command line argument: --add-opens=java.base/java.lang=ALL-UNNAMED
22-Sep-2026 07:03:47.131 INFO [main] org.apache.catalina.startup.VersionLoggerListener.log Command line argument: --add-opens=java.base/java.io=ALL-UNNAMED
22-Sep-2026 07:03:47.131 INFO [main] org.apache.catalina.startup.VersionLoggerListener.log Command line argument: --add-opens=java.base/java.util=ALL-UNNAMED
22-Sep-2026 07:03:47.131 INFO [main] org.apache.catalina.startup.VersionLoggerListener.log Command line argument: --add-opens=java.base/java.util.concurrent=ALL-UNNAMED
22-Sep-2026 07:03:47.131 INFO [main] org.apache.catalina.startup.VersionLoggerListener.log Command line argument: --add-opens=java.rmi/sun.rmi.transport=ALL-UNNAMED
22-Sep-2026 07:03:47.131 INFO [main] org.apache.catalina.startup.VersionLoggerListener.log Command line argument: -Dcatalina.home=C:\Tools\TomCat\apache-tomcat-10.1.59
22-Sep-2026 07:03:47.131 INFO [main] org.apache.catalina.startup.VersionLoggerListener.log Command line argument: -Dcatalina.base=C:\Users\Omar\Downloads\springmvc-plumbing-demo\SpringMVCDay2Remake-ApiStudy\src\main
22-Sep-2026 07:03:47.131 INFO [main] org.apache.catalina.startup.VersionLoggerListener.log Command line argument: -Djava.io.tmpdir=C:\Users\Omar\Downloads\springmvc-plumbing-demo\SpringMVCDay2Remake-ApiStudy\src\main\temp
22-Sep-2026 07:03:47.132 INFO [main] org.apache.catalina.startup.VersionLoggerListener.log Command line argument: -Djava.util.logging.config.file=C:\Users\Omar\Downloads\springmvc-plumbing-demo\SpringMVCDay2Remake-ApiStudy\src\main\conf\logging.properties
22-Sep-2026 07:03:47.132 INFO [main] org.apache.catalina.startup.VersionLoggerListener.log Command line argument: -Djava.util.logging.manager=org.apache.juli.ClassLoaderLogManager
22-Sep-2026 07:03:47.132 INFO [main] org.apache.catalina.startup.VersionLoggerListener.log Command line argument: -javaagent:C:\Program Files\JetBrains\IntelliJ IDEA 2026.2.1\lib\idea_rt.jar=56840
22-Sep-2026 07:03:47.132 INFO [main] org.apache.catalina.startup.VersionLoggerListener.log Command line argument: -Dfile.encoding=UTF-8
22-Sep-2026 07:03:47.132 INFO [main] org.apache.catalina.startup.VersionLoggerListener.log Command line argument: -Dsun.stdout.encoding=UTF-8
22-Sep-2026 07:03:47.132 INFO [main] org.apache.catalina.startup.VersionLoggerListener.log Command line argument: -Dsun.stderr.encoding=UTF-8
22-Sep-2026 07:03:47.136 INFO [main] org.apache.catalina.core.AprLifecycleListener.lifecycleEvent Loaded Apache Tomcat Native library [2.0.15] using APR version [1.7.6].
22-Sep-2026 07:03:47.142 INFO [main] org.apache.catalina.core.AprLifecycleListener.initializeSSL OpenSSL successfully initialized [OpenSSL 3.5.7 9 Jun 2026]
22-Sep-2026 07:03:47.476 INFO [main] org.apache.coyote.AbstractProtocol.init Initializing ProtocolHandler ["http-nio-8083"]
22-Sep-2026 07:03:47.497 INFO [main] org.apache.catalina.startup.Catalina.load Server initialization in [565] milliseconds
22-Sep-2026 07:03:47.578 INFO [main] org.apache.catalina.core.StandardService.startInternal Starting service [Catalina]
22-Sep-2026 07:03:47.578 INFO [main] org.apache.catalina.core.StandardEngine.startInternal Starting Servlet engine: [Apache Tomcat/10.1.59]
22-Sep-2026 07:03:47.589 INFO [main] org.apache.catalina.startup.HostConfig.deployDescriptor Deploying deployment descriptor [C:\Users\Omar\Downloads\springmvc-plumbing-demo\SpringMVCDay2Remake-ApiStudy\src\main\conf\Catalina\localhost\SpringMVCDay2Remake-ApiStudy.xml]
22-Sep-2026 07:03:49.642 INFO [main] org.apache.jasper.servlet.TldScanner.scanJars At least one JAR was scanned for TLDs yet contained no TLDs. Enable debug logging for this logger for a complete list of JARs that were scanned but no TLDs were found in them. Skipping unneeded JARs during scanning can improve startup time and JSP compilation time.
22-Sep-2026 07:03:51.817 INFO [main] org.apache.catalina.startup.HostConfig.deployDescriptor Deployment of deployment descriptor [C:\Users\Omar\Downloads\springmvc-plumbing-demo\SpringMVCDay2Remake-ApiStudy\src\main\conf\Catalina\localhost\SpringMVCDay2Remake-ApiStudy.xml] has finished in [4,227] ms
22-Sep-2026 07:03:51.821 INFO [main] org.apache.coyote.AbstractProtocol.start Starting ProtocolHandler ["http-nio-8083"]
22-Sep-2026 07:03:51.872 INFO [main] org.apache.catalina.startup.Catalina.start Server startup in [4373] milliseconds
22-Sep-2026 07:19:49.368 INFO [Thread-1] org.apache.coyote.AbstractProtocol.pause Pausing ProtocolHandler ["http-nio-8083"]
22-Sep-2026 07:19:49.374 INFO [Thread-1] org.apache.catalina.core.StandardService.stopInternal Stopping service [Catalina]
22-Sep-2026 07:19:49.398 INFO [Thread-1] org.apache.coyote.AbstractProtocol.stop Stopping ProtocolHandler ["http-nio-8083"]
22-Sep-2026 07:19:49.410 INFO [Thread-1] org.apache.coyote.AbstractProtocol.destroy Destroying ProtocolHandler ["http-nio-8083"]
22-Sep-2026 07:19:51.998 INFO [main] org.apache.catalina.startup.VersionLoggerListener.log Server version name:   Apache Tomcat/10.1.59
22-Sep-2026 07:19:52.004 INFO [main] org.apache.catalina.startup.VersionLoggerListener.log Server built:          Aug 13 2026 16:59:10 UTC
22-Sep-2026 07:19:52.004 INFO [main] org.apache.catalina.startup.VersionLoggerListener.log Server version number: 10.1.59.0
22-Sep-2026 07:19:52.005 INFO [main] org.apache.catalina.startup.VersionLoggerListener.log OS Name:               Windows 11
22-Sep-2026 07:19:52.005 INFO [main] org.apache.catalina.startup.VersionLoggerListener.log OS Version:            10.0
22-Sep-2026 07:19:52.005 INFO [main] org.apache.catalina.startup.VersionLoggerListener.log Architecture:          amd64
22-Sep-2026 07:19:52.007 INFO [main] org.apache.catalina.startup.VersionLoggerListener.log Java Home:             C:\Program Files\Java\jdk-21.0.11
22-Sep-2026 07:19:52.008 INFO [main] org.apache.catalina.startup.VersionLoggerListener.log JVM Version:           21.0.11+9-LTS-211
22-Sep-2026 07:19:52.009 INFO [main] org.apache.catalina.startup.VersionLoggerListener.log JVM Vendor:            Oracle Corporation
22-Sep-2026 07:19:52.009 INFO [main] org.apache.catalina.startup.VersionLoggerListener.log CATALINA_BASE:         C:\Users\Omar\Downloads\springmvc-plumbing-demo\SpringMVCDay2Remake-ApiStudy\src\main
22-Sep-2026 07:19:52.010 INFO [main] org.apache.catalina.startup.VersionLoggerListener.log CATALINA_HOME:         C:\Tools\TomCat\apache-tomcat-10.1.59
22-Sep-2026 07:19:52.023 INFO [main] org.apache.catalina.startup.VersionLoggerListener.log Command line argument: --add-opens=java.base/java.lang=ALL-UNNAMED
22-Sep-2026 07:19:52.023 INFO [main] org.apache.catalina.startup.VersionLoggerListener.log Command line argument: --add-opens=java.base/java.io=ALL-UNNAMED
22-Sep-2026 07:19:52.024 INFO [main] org.apache.catalina.startup.VersionLoggerListener.log Command line argument: --add-opens=java.base/java.util=ALL-UNNAMED
22-Sep-2026 07:19:52.024 INFO [main] org.apache.catalina.startup.VersionLoggerListener.log Command line argument: --add-opens=java.base/java.util.concurrent=ALL-UNNAMED
22-Sep-2026 07:19:52.024 INFO [main] org.apache.catalina.startup.VersionLoggerListener.log Command line argument: --add-opens=java.rmi/sun.rmi.transport=ALL-UNNAMED
22-Sep-2026 07:19:52.024 INFO [main] org.apache.catalina.startup.VersionLoggerListener.log Command line argument: -Dcatalina.home=C:\Tools\TomCat\apache-tomcat-10.1.59
22-Sep-2026 07:19:52.024 INFO [main] org.apache.catalina.startup.VersionLoggerListener.log Command line argument: -Dcatalina.base=C:\Users\Omar\Downloads\springmvc-plumbing-demo\SpringMVCDay2Remake-ApiStudy\src\main
22-Sep-2026 07:19:52.024 INFO [main] org.apache.catalina.startup.VersionLoggerListener.log Command line argument: -Djava.io.tmpdir=C:\Users\Omar\Downloads\springmvc-plumbing-demo\SpringMVCDay2Remake-ApiStudy\src\main\temp
22-Sep-2026 07:19:52.024 INFO [main] org.apache.catalina.startup.VersionLoggerListener.log Command line argument: -Djava.util.logging.config.file=C:\Users\Omar\Downloads\springmvc-plumbing-demo\SpringMVCDay2Remake-ApiStudy\src\main\conf\logging.properties
22-Sep-2026 07:19:52.025 INFO [main] org.apache.catalina.startup.VersionLoggerListener.log Command line argument: -Djava.util.logging.manager=org.apache.juli.ClassLoaderLogManager
22-Sep-2026 07:19:52.025 INFO [main] org.apache.catalina.startup.VersionLoggerListener.log Command line argument: -javaagent:C:\Program Files\JetBrains\IntelliJ IDEA 2026.2.1\lib\idea_rt.jar=52423
22-Sep-2026 07:19:52.025 INFO [main] org.apache.catalina.startup.VersionLoggerListener.log Command line argument: -Dfile.encoding=UTF-8
22-Sep-2026 07:19:52.025 INFO [main] org.apache.catalina.startup.VersionLoggerListener.log Command line argument: -Dsun.stdout.encoding=UTF-8
22-Sep-2026 07:19:52.025 INFO [main] org.apache.catalina.startup.VersionLoggerListener.log Command line argument: -Dsun.stderr.encoding=UTF-8
22-Sep-2026 07:19:52.029 INFO [main] org.apache.catalina.core.AprLifecycleListener.lifecycleEvent Loaded Apache Tomcat Native library [2.0.15] using APR version [1.7.6].
22-Sep-2026 07:19:52.038 INFO [main] org.apache.catalina.core.AprLifecycleListener.initializeSSL OpenSSL successfully initialized [OpenSSL 3.5.7 9 Jun 2026]
22-Sep-2026 07:19:52.373 INFO [main] org.apache.coyote.AbstractProtocol.init Initializing ProtocolHandler ["http-nio-8083"]
22-Sep-2026 07:19:52.396 INFO [main] org.apache.catalina.startup.Catalina.load Server initialization in [623] milliseconds
22-Sep-2026 07:19:52.450 INFO [main] org.apache.catalina.core.StandardService.startInternal Starting service [Catalina]
22-Sep-2026 07:19:52.450 INFO [main] org.apache.catalina.core.StandardEngine.startInternal Starting Servlet engine: [Apache Tomcat/10.1.59]
22-Sep-2026 07:19:52.461 INFO [main] org.apache.catalina.startup.HostConfig.deployDescriptor Deploying deployment descriptor [C:\Users\Omar\Downloads\springmvc-plumbing-demo\SpringMVCDay2Remake-ApiStudy\src\main\conf\Catalina\localhost\SpringMVCDay2Remake-ApiStudy.xml]
22-Sep-2026 07:19:54.366 INFO [main] org.apache.jasper.servlet.TldScanner.scanJars At least one JAR was scanned for TLDs yet contained no TLDs. Enable debug logging for this logger for a complete list of JARs that were scanned but no TLDs were found in them. Skipping unneeded JARs during scanning can improve startup time and JSP compilation time.
22-Sep-2026 07:19:56.541 INFO [main] org.apache.catalina.startup.HostConfig.deployDescriptor Deployment of deployment descriptor [C:\Users\Omar\Downloads\springmvc-plumbing-demo\SpringMVCDay2Remake-ApiStudy\src\main\conf\Catalina\localhost\SpringMVCDay2Remake-ApiStudy.xml] has finished in [4,079] ms
22-Sep-2026 07:19:56.547 INFO [main] org.apache.coyote.AbstractProtocol.start Starting ProtocolHandler ["http-nio-8083"]
22-Sep-2026 07:19:56.578 INFO [main] org.apache.catalina.startup.Catalina.start Server startup in [4180] milliseconds
22-Sep-2026 08:33:07.815 INFO [Thread-1] org.apache.coyote.AbstractProtocol.pause Pausing ProtocolHandler ["http-nio-8083"]
22-Sep-2026 08:33:07.834 INFO [Thread-1] org.apache.catalina.core.StandardService.stopInternal Stopping service [Catalina]
22-Sep-2026 08:33:07.912 INFO [Thread-1] org.apache.coyote.AbstractProtocol.stop Stopping ProtocolHandler ["http-nio-8083"]
22-Sep-2026 08:33:07.932 INFO [Thread-1] org.apache.coyote.AbstractProtocol.destroy Destroying ProtocolHandler ["http-nio-8083"]
22-Sep-2026 08:33:13.817 INFO [main] org.apache.catalina.startup.VersionLoggerListener.log Server version name:   Apache Tomcat/10.1.59
22-Sep-2026 08:33:13.828 INFO [main] org.apache.catalina.startup.VersionLoggerListener.log Server built:          Aug 13 2026 16:59:10 UTC
22-Sep-2026 08:33:13.829 INFO [main] org.apache.catalina.startup.VersionLoggerListener.log Server version number: 10.1.59.0
22-Sep-2026 08:33:13.829 INFO [main] org.apache.catalina.startup.VersionLoggerListener.log OS Name:               Windows 11
22-Sep-2026 08:33:13.829 INFO [main] org.apache.catalina.startup.VersionLoggerListener.log OS Version:            10.0
22-Sep-2026 08:33:13.829 INFO [main] org.apache.catalina.startup.VersionLoggerListener.log Architecture:          amd64
22-Sep-2026 08:33:13.830 INFO [main] org.apache.catalina.startup.VersionLoggerListener.log Java Home:             C:\Program Files\Java\jdk-21.0.11
22-Sep-2026 08:33:13.830 INFO [main] org.apache.catalina.startup.VersionLoggerListener.log JVM Version:           21.0.11+9-LTS-211
22-Sep-2026 08:33:13.831 INFO [main] org.apache.catalina.startup.VersionLoggerListener.log JVM Vendor:            Oracle Corporation
22-Sep-2026 08:33:13.831 INFO [main] org.apache.catalina.startup.VersionLoggerListener.log CATALINA_BASE:         C:\Users\Omar\Downloads\springmvc-plumbing-demo\SpringMVCDay2Remake-ApiStudy\src\main
22-Sep-2026 08:33:13.831 INFO [main] org.apache.catalina.startup.VersionLoggerListener.log CATALINA_HOME:         C:\Tools\TomCat\apache-tomcat-10.1.59
22-Sep-2026 08:33:13.853 INFO [main] org.apache.catalina.startup.VersionLoggerListener.log Command line argument: --add-opens=java.base/java.lang=ALL-UNNAMED
22-Sep-2026 08:33:13.854 INFO [main] org.apache.catalina.startup.VersionLoggerListener.log Command line argument: --add-opens=java.base/java.io=ALL-UNNAMED
22-Sep-2026 08:33:13.854 INFO [main] org.apache.catalina.startup.VersionLoggerListener.log Command line argument: --add-opens=java.base/java.util=ALL-UNNAMED
22-Sep-2026 08:33:13.854 INFO [main] org.apache.catalina.startup.VersionLoggerListener.log Command line argument: --add-opens=java.base/java.util.concurrent=ALL-UNNAMED
22-Sep-2026 08:33:13.854 INFO [main] org.apache.catalina.startup.VersionLoggerListener.log Command line argument: --add-opens=java.rmi/sun.rmi.transport=ALL-UNNAMED
22-Sep-2026 08:33:13.855 INFO [main] org.apache.catalina.startup.VersionLoggerListener.log Command line argument: -Dcatalina.home=C:\Tools\TomCat\apache-tomcat-10.1.59
22-Sep-2026 08:33:13.855 INFO [main] org.apache.catalina.startup.VersionLoggerListener.log Command line argument: -Dcatalina.base=C:\Users\Omar\Downloads\springmvc-plumbing-demo\SpringMVCDay2Remake-ApiStudy\src\main
22-Sep-2026 08:33:13.855 INFO [main] org.apache.catalina.startup.VersionLoggerListener.log Command line argument: -Djava.io.tmpdir=C:\Users\Omar\Downloads\springmvc-plumbing-demo\SpringMVCDay2Remake-ApiStudy\src\main\temp
22-Sep-2026 08:33:13.855 INFO [main] org.apache.catalina.startup.VersionLoggerListener.log Command line argument: -Djava.util.logging.config.file=C:\Users\Omar\Downloads\springmvc-plumbing-demo\SpringMVCDay2Remake-ApiStudy\src\main\conf\logging.properties
22-Sep-2026 08:33:13.856 INFO [main] org.apache.catalina.startup.VersionLoggerListener.log Command line argument: -Djava.util.logging.manager=org.apache.juli.ClassLoaderLogManager
22-Sep-2026 08:33:13.856 INFO [main] org.apache.catalina.startup.VersionLoggerListener.log Command line argument: -javaagent:C:\Program Files\JetBrains\IntelliJ IDEA 2026.2.1\lib\idea_rt.jar=61363
22-Sep-2026 08:33:13.857 INFO [main] org.apache.catalina.startup.VersionLoggerListener.log Command line argument: -Dfile.encoding=UTF-8
22-Sep-2026 08:33:13.858 INFO [main] org.apache.catalina.startup.VersionLoggerListener.log Command line argument: -Dsun.stdout.encoding=UTF-8
22-Sep-2026 08:33:13.859 INFO [main] org.apache.catalina.startup.VersionLoggerListener.log Command line argument: -Dsun.stderr.encoding=UTF-8
22-Sep-2026 08:33:13.864 INFO [main] org.apache.catalina.core.AprLifecycleListener.lifecycleEvent Loaded Apache Tomcat Native library [2.0.15] using APR version [1.7.6].
22-Sep-2026 08:33:13.884 INFO [main] org.apache.catalina.core.AprLifecycleListener.initializeSSL OpenSSL successfully initialized [OpenSSL 3.5.7 9 Jun 2026]
22-Sep-2026 08:33:14.519 INFO [main] org.apache.coyote.AbstractProtocol.init Initializing ProtocolHandler ["http-nio-8083"]
22-Sep-2026 08:33:14.562 INFO [main] org.apache.catalina.startup.Catalina.load Server initialization in [1312] milliseconds
22-Sep-2026 08:33:14.753 INFO [main] org.apache.catalina.core.StandardService.startInternal Starting service [Catalina]
22-Sep-2026 08:33:14.754 INFO [main] org.apache.catalina.core.StandardEngine.startInternal Starting Servlet engine: [Apache Tomcat/10.1.59]
22-Sep-2026 08:33:14.793 INFO [main] org.apache.catalina.startup.HostConfig.deployDescriptor Deploying deployment descriptor [C:\Users\Omar\Downloads\springmvc-plumbing-demo\SpringMVCDay2Remake-ApiStudy\src\main\conf\Catalina\localhost\SpringMVCDay2Remake-ApiStudy.xml]
22-Sep-2026 08:33:20.204 INFO [main] org.apache.jasper.servlet.TldScanner.scanJars At least one JAR was scanned for TLDs yet contained no TLDs. Enable debug logging for this logger for a complete list of JARs that were scanned but no TLDs were found in them. Skipping unneeded JARs during scanning can improve startup time and JSP compilation time.
22-Sep-2026 08:33:26.465 INFO [main] org.apache.catalina.startup.HostConfig.deployDescriptor Deployment of deployment descriptor [C:\Users\Omar\Downloads\springmvc-plumbing-demo\SpringMVCDay2Remake-ApiStudy\src\main\conf\Catalina\localhost\SpringMVCDay2Remake-ApiStudy.xml] has finished in [11,671] ms
22-Sep-2026 08:33:26.482 INFO [main] org.apache.coyote.AbstractProtocol.start Starting ProtocolHandler ["http-nio-8083"]
22-Sep-2026 08:33:26.585 INFO [main] org.apache.catalina.startup.Catalina.start Server startup in [12019] milliseconds
22-Sep-2026 08:37:18.140 INFO [Thread-1] org.apache.coyote.AbstractProtocol.pause Pausing ProtocolHandler ["http-nio-8083"]
22-Sep-2026 08:37:18.160 INFO [Thread-1] org.apache.catalina.core.StandardService.stopInternal Stopping service [Catalina]
22-Sep-2026 08:37:18.242 INFO [Thread-1] org.apache.coyote.AbstractProtocol.stop Stopping ProtocolHandler ["http-nio-8083"]
22-Sep-2026 08:37:18.260 INFO [Thread-1] org.apache.coyote.AbstractProtocol.destroy Destroying ProtocolHandler ["http-nio-8083"]
22-Sep-2026 08:37:25.439 INFO [main] org.apache.catalina.startup.VersionLoggerListener.log Server version name:   Apache Tomcat/10.1.59
22-Sep-2026 08:37:25.454 INFO [main] org.apache.catalina.startup.VersionLoggerListener.log Server built:          Aug 13 2026 16:59:10 UTC
22-Sep-2026 08:37:25.455 INFO [main] org.apache.catalina.startup.VersionLoggerListener.log Server version number: 10.1.59.0
22-Sep-2026 08:37:25.456 INFO [main] org.apache.catalina.startup.VersionLoggerListener.log OS Name:               Windows 11
22-Sep-2026 08:37:25.456 INFO [main] org.apache.catalina.startup.VersionLoggerListener.log OS Version:            10.0
22-Sep-2026 08:37:25.457 INFO [main] org.apache.catalina.startup.VersionLoggerListener.log Architecture:          amd64
22-Sep-2026 08:37:25.457 INFO [main] org.apache.catalina.startup.VersionLoggerListener.log Java Home:             C:\Program Files\Java\jdk-21.0.11
22-Sep-2026 08:37:25.458 INFO [main] org.apache.catalina.startup.VersionLoggerListener.log JVM Version:           21.0.11+9-LTS-211
22-Sep-2026 08:37:25.458 INFO [main] org.apache.catalina.startup.VersionLoggerListener.log JVM Vendor:            Oracle Corporation
22-Sep-2026 08:37:25.459 INFO [main] org.apache.catalina.startup.VersionLoggerListener.log CATALINA_BASE:         C:\Users\Omar\Downloads\springmvc-plumbing-demo\SpringMVCDay2Remake-ApiStudy\src\main
22-Sep-2026 08:37:25.459 INFO [main] org.apache.catalina.startup.VersionLoggerListener.log CATALINA_HOME:         C:\Tools\TomCat\apache-tomcat-10.1.59
22-Sep-2026 08:37:25.483 INFO [main] org.apache.catalina.startup.VersionLoggerListener.log Command line argument: --add-opens=java.base/java.lang=ALL-UNNAMED
22-Sep-2026 08:37:25.483 INFO [main] org.apache.catalina.startup.VersionLoggerListener.log Command line argument: --add-opens=java.base/java.io=ALL-UNNAMED
22-Sep-2026 08:37:25.483 INFO [main] org.apache.catalina.startup.VersionLoggerListener.log Command line argument: --add-opens=java.base/java.util=ALL-UNNAMED
22-Sep-2026 08:37:25.483 INFO [main] org.apache.catalina.startup.VersionLoggerListener.log Command line argument: --add-opens=java.base/java.util.concurrent=ALL-UNNAMED
22-Sep-2026 08:37:25.483 INFO [main] org.apache.catalina.startup.VersionLoggerListener.log Command line argument: --add-opens=java.rmi/sun.rmi.transport=ALL-UNNAMED
22-Sep-2026 08:37:25.485 INFO [main] org.apache.catalina.startup.VersionLoggerListener.log Command line argument: -Dcatalina.home=C:\Tools\TomCat\apache-tomcat-10.1.59
22-Sep-2026 08:37:25.485 INFO [main] org.apache.catalina.startup.VersionLoggerListener.log Command line argument: -Dcatalina.base=C:\Users\Omar\Downloads\springmvc-plumbing-demo\SpringMVCDay2Remake-ApiStudy\src\main
22-Sep-2026 08:37:25.485 INFO [main] org.apache.catalina.startup.VersionLoggerListener.log Command line argument: -Djava.io.tmpdir=C:\Users\Omar\Downloads\springmvc-plumbing-demo\SpringMVCDay2Remake-ApiStudy\src\main\temp
22-Sep-2026 08:37:25.485 INFO [main] org.apache.catalina.startup.VersionLoggerListener.log Command line argument: -Djava.util.logging.config.file=C:\Users\Omar\Downloads\springmvc-plumbing-demo\SpringMVCDay2Remake-ApiStudy\src\main\conf\logging.properties
22-Sep-2026 08:37:25.486 INFO [main] org.apache.catalina.startup.VersionLoggerListener.log Command line argument: -Djava.util.logging.manager=org.apache.juli.ClassLoaderLogManager
22-Sep-2026 08:37:25.486 INFO [main] org.apache.catalina.startup.VersionLoggerListener.log Command line argument: -javaagent:C:\Program Files\JetBrains\IntelliJ IDEA 2026.2.1\lib\idea_rt.jar=57102
22-Sep-2026 08:37:25.486 INFO [main] org.apache.catalina.startup.VersionLoggerListener.log Command line argument: -Dfile.encoding=UTF-8
22-Sep-2026 08:37:25.487 INFO [main] org.apache.catalina.startup.VersionLoggerListener.log Command line argument: -Dsun.stdout.encoding=UTF-8
22-Sep-2026 08:37:25.487 INFO [main] org.apache.catalina.startup.VersionLoggerListener.log Command line argument: -Dsun.stderr.encoding=UTF-8
22-Sep-2026 08:37:25.494 INFO [main] org.apache.catalina.core.AprLifecycleListener.lifecycleEvent Loaded Apache Tomcat Native library [2.0.15] using APR version [1.7.6].
22-Sep-2026 08:37:25.509 INFO [main] org.apache.catalina.core.AprLifecycleListener.initializeSSL OpenSSL successfully initialized [OpenSSL 3.5.7 9 Jun 2026]
22-Sep-2026 08:37:26.193 INFO [main] org.apache.coyote.AbstractProtocol.init Initializing ProtocolHandler ["http-nio-8083"]
22-Sep-2026 08:37:26.246 INFO [main] org.apache.catalina.startup.Catalina.load Server initialization in [1294] milliseconds
22-Sep-2026 08:37:26.423 INFO [main] org.apache.catalina.core.StandardService.startInternal Starting service [Catalina]
22-Sep-2026 08:37:26.425 INFO [main] org.apache.catalina.core.StandardEngine.startInternal Starting Servlet engine: [Apache Tomcat/10.1.59]
22-Sep-2026 08:37:26.458 INFO [main] org.apache.catalina.startup.HostConfig.deployDescriptor Deploying deployment descriptor [C:\Users\Omar\Downloads\springmvc-plumbing-demo\SpringMVCDay2Remake-ApiStudy\src\main\conf\Catalina\localhost\SpringMVCDay2Remake-ApiStudy.xml]
22-Sep-2026 08:37:32.182 INFO [main] org.apache.jasper.servlet.TldScanner.scanJars At least one JAR was scanned for TLDs yet contained no TLDs. Enable debug logging for this logger for a complete list of JARs that were scanned but no TLDs were found in them. Skipping unneeded JARs during scanning can improve startup time and JSP compilation time.
22-Sep-2026 08:37:38.700 INFO [main] org.apache.catalina.startup.HostConfig.deployDescriptor Deployment of deployment descriptor [C:\Users\Omar\Downloads\springmvc-plumbing-demo\SpringMVCDay2Remake-ApiStudy\src\main\conf\Catalina\localhost\SpringMVCDay2Remake-ApiStudy.xml] has finished in [12,242] ms
22-Sep-2026 08:37:38.710 INFO [main] org.apache.coyote.AbstractProtocol.start Starting ProtocolHandler ["http-nio-8083"]
22-Sep-2026 08:37:38.776 INFO [main] org.apache.catalina.startup.Catalina.start Server startup in [12525] milliseconds
22-Sep-2026 09:35:22.008 INFO [Thread-1] org.apache.coyote.AbstractProtocol.pause Pausing ProtocolHandler ["http-nio-8083"]
22-Sep-2026 09:35:22.014 INFO [Thread-1] org.apache.catalina.core.StandardService.stopInternal Stopping service [Catalina]
22-Sep-2026 09:35:22.069 INFO [Thread-1] org.apache.coyote.AbstractProtocol.stop Stopping ProtocolHandler ["http-nio-8083"]
22-Sep-2026 09:35:22.077 INFO [Thread-1] org.apache.coyote.AbstractProtocol.destroy Destroying ProtocolHandler ["http-nio-8083"]
22-Sep-2026 09:35:24.422 INFO [main] org.apache.catalina.startup.VersionLoggerListener.log Server version name:   Apache Tomcat/10.1.59
22-Sep-2026 09:35:24.426 INFO [main] org.apache.catalina.startup.VersionLoggerListener.log Server built:          Aug 13 2026 16:59:10 UTC
22-Sep-2026 09:35:24.426 INFO [main] org.apache.catalina.startup.VersionLoggerListener.log Server version number: 10.1.59.0
22-Sep-2026 09:35:24.427 INFO [main] org.apache.catalina.startup.VersionLoggerListener.log OS Name:               Windows 11
22-Sep-2026 09:35:24.427 INFO [main] org.apache.catalina.startup.VersionLoggerListener.log OS Version:            10.0
22-Sep-2026 09:35:24.427 INFO [main] org.apache.catalina.startup.VersionLoggerListener.log Architecture:          amd64
22-Sep-2026 09:35:24.427 INFO [main] org.apache.catalina.startup.VersionLoggerListener.log Java Home:             C:\Program Files\Java\jdk-21.0.11
22-Sep-2026 09:35:24.427 INFO [main] org.apache.catalina.startup.VersionLoggerListener.log JVM Version:           21.0.11+9-LTS-211
22-Sep-2026 09:35:24.427 INFO [main] org.apache.catalina.startup.VersionLoggerListener.log JVM Vendor:            Oracle Corporation
22-Sep-2026 09:35:24.427 INFO [main] org.apache.catalina.startup.VersionLoggerListener.log CATALINA_BASE:         C:\Users\Omar\Downloads\springmvc-plumbing-demo\SpringMVCDay2Remake-ApiStudy\src\main
22-Sep-2026 09:35:24.427 INFO [main] org.apache.catalina.startup.VersionLoggerListener.log CATALINA_HOME:         C:\Tools\TomCat\apache-tomcat-10.1.59
22-Sep-2026 09:35:24.435 INFO [main] org.apache.catalina.startup.VersionLoggerListener.log Command line argument: --add-opens=java.base/java.lang=ALL-UNNAMED
22-Sep-2026 09:35:24.435 INFO [main] org.apache.catalina.startup.VersionLoggerListener.log Command line argument: --add-opens=java.base/java.io=ALL-UNNAMED
22-Sep-2026 09:35:24.435 INFO [main] org.apache.catalina.startup.VersionLoggerListener.log Command line argument: --add-opens=java.base/java.util=ALL-UNNAMED
22-Sep-2026 09:35:24.435 INFO [main] org.apache.catalina.startup.VersionLoggerListener.log Command line argument: --add-opens=java.base/java.util.concurrent=ALL-UNNAMED
22-Sep-2026 09:35:24.435 INFO [main] org.apache.catalina.startup.VersionLoggerListener.log Command line argument: --add-opens=java.rmi/sun.rmi.transport=ALL-UNNAMED
22-Sep-2026 09:35:24.435 INFO [main] org.apache.catalina.startup.VersionLoggerListener.log Command line argument: -Dcatalina.home=C:\Tools\TomCat\apache-tomcat-10.1.59
22-Sep-2026 09:35:24.435 INFO [main] org.apache.catalina.startup.VersionLoggerListener.log Command line argument: -Dcatalina.base=C:\Users\Omar\Downloads\springmvc-plumbing-demo\SpringMVCDay2Remake-ApiStudy\src\main
22-Sep-2026 09:35:24.435 INFO [main] org.apache.catalina.startup.VersionLoggerListener.log Command line argument: -Djava.io.tmpdir=C:\Users\Omar\Downloads\springmvc-plumbing-demo\SpringMVCDay2Remake-ApiStudy\src\main\temp
22-Sep-2026 09:35:24.435 INFO [main] org.apache.catalina.startup.VersionLoggerListener.log Command line argument: -Djava.util.logging.config.file=C:\Users\Omar\Downloads\springmvc-plumbing-demo\SpringMVCDay2Remake-ApiStudy\src\main\conf\logging.properties
22-Sep-2026 09:35:24.436 INFO [main] org.apache.catalina.startup.VersionLoggerListener.log Command line argument: -Djava.util.logging.manager=org.apache.juli.ClassLoaderLogManager
22-Sep-2026 09:35:24.436 INFO [main] org.apache.catalina.startup.VersionLoggerListener.log Command line argument: -javaagent:C:\Program Files\JetBrains\IntelliJ IDEA 2026.2.1\lib\idea_rt.jar=62366
22-Sep-2026 09:35:24.436 INFO [main] org.apache.catalina.startup.VersionLoggerListener.log Command line argument: -Dfile.encoding=UTF-8
22-Sep-2026 09:35:24.436 INFO [main] org.apache.catalina.startup.VersionLoggerListener.log Command line argument: -Dsun.stdout.encoding=UTF-8
22-Sep-2026 09:35:24.436 INFO [main] org.apache.catalina.startup.VersionLoggerListener.log Command line argument: -Dsun.stderr.encoding=UTF-8
22-Sep-2026 09:35:24.440 INFO [main] org.apache.catalina.core.AprLifecycleListener.lifecycleEvent Loaded Apache Tomcat Native library [2.0.15] using APR version [1.7.6].
22-Sep-2026 09:35:24.445 INFO [main] org.apache.catalina.core.AprLifecycleListener.initializeSSL OpenSSL successfully initialized [OpenSSL 3.5.7 9 Jun 2026]
22-Sep-2026 09:35:24.684 INFO [main] org.apache.coyote.AbstractProtocol.init Initializing ProtocolHandler ["http-nio-8083"]
22-Sep-2026 09:35:24.704 INFO [main] org.apache.catalina.startup.Catalina.load Server initialization in [445] milliseconds
22-Sep-2026 09:35:24.754 INFO [main] org.apache.catalina.core.StandardService.startInternal Starting service [Catalina]
22-Sep-2026 09:35:24.754 INFO [main] org.apache.catalina.core.StandardEngine.startInternal Starting Servlet engine: [Apache Tomcat/10.1.59]
22-Sep-2026 09:35:24.763 INFO [main] org.apache.catalina.startup.HostConfig.deployDescriptor Deploying deployment descriptor [C:\Users\Omar\Downloads\springmvc-plumbing-demo\SpringMVCDay2Remake-ApiStudy\src\main\conf\Catalina\localhost\SpringMVCDay2Remake-ApiStudy.xml]
22-Sep-2026 09:35:26.320 INFO [main] org.apache.jasper.servlet.TldScanner.scanJars At least one JAR was scanned for TLDs yet contained no TLDs. Enable debug logging for this logger for a complete list of JARs that were scanned but no TLDs were found in them. Skipping unneeded JARs during scanning can improve startup time and JSP compilation time.
22-Sep-2026 09:35:27.991 INFO [main] org.apache.catalina.startup.HostConfig.deployDescriptor Deployment of deployment descriptor [C:\Users\Omar\Downloads\springmvc-plumbing-demo\SpringMVCDay2Remake-ApiStudy\src\main\conf\Catalina\localhost\SpringMVCDay2Remake-ApiStudy.xml] has finished in [3,229] ms
22-Sep-2026 09:35:27.994 INFO [main] org.apache.coyote.AbstractProtocol.start Starting ProtocolHandler ["http-nio-8083"]
22-Sep-2026 09:35:28.010 INFO [main] org.apache.catalina.startup.Catalina.start Server startup in [3304] milliseconds
22-Sep-2026 09:48:44.110 INFO [Thread-1] org.apache.coyote.AbstractProtocol.pause Pausing ProtocolHandler ["http-nio-8083"]
22-Sep-2026 09:48:44.115 INFO [Thread-1] org.apache.catalina.core.StandardService.stopInternal Stopping service [Catalina]
22-Sep-2026 09:48:44.132 INFO [Thread-1] org.apache.coyote.AbstractProtocol.stop Stopping ProtocolHandler ["http-nio-8083"]
22-Sep-2026 09:48:44.143 INFO [Thread-1] org.apache.coyote.AbstractProtocol.destroy Destroying ProtocolHandler ["http-nio-8083"]
22-Sep-2026 09:48:51.021 INFO [main] org.apache.catalina.startup.VersionLoggerListener.log Server version name:   Apache Tomcat/10.1.59
22-Sep-2026 09:48:51.033 INFO [main] org.apache.catalina.startup.VersionLoggerListener.log Server built:          Aug 13 2026 16:59:10 UTC
22-Sep-2026 09:48:51.034 INFO [main] org.apache.catalina.startup.VersionLoggerListener.log Server version number: 10.1.59.0
22-Sep-2026 09:48:51.039 INFO [main] org.apache.catalina.startup.VersionLoggerListener.log OS Name:               Windows 11
22-Sep-2026 09:48:51.039 INFO [main] org.apache.catalina.startup.VersionLoggerListener.log OS Version:            10.0
22-Sep-2026 09:48:51.039 INFO [main] org.apache.catalina.startup.VersionLoggerListener.log Architecture:          amd64
22-Sep-2026 09:48:51.040 INFO [main] org.apache.catalina.startup.VersionLoggerListener.log Java Home:             C:\Program Files\Java\jdk-21.0.11
22-Sep-2026 09:48:51.041 INFO [main] org.apache.catalina.startup.VersionLoggerListener.log JVM Version:           21.0.11+9-LTS-211
22-Sep-2026 09:48:51.041 INFO [main] org.apache.catalina.startup.VersionLoggerListener.log JVM Vendor:            Oracle Corporation
22-Sep-2026 09:48:51.041 INFO [main] org.apache.catalina.startup.VersionLoggerListener.log CATALINA_BASE:         C:\Users\Omar\Downloads\springmvc-plumbing-demo\SpringMVCDay2Remake-ApiStudy\src\main
22-Sep-2026 09:48:51.041 INFO [main] org.apache.catalina.startup.VersionLoggerListener.log CATALINA_HOME:         C:\Tools\TomCat\apache-tomcat-10.1.59
22-Sep-2026 09:48:51.059 INFO [main] org.apache.catalina.startup.VersionLoggerListener.log Command line argument: --add-opens=java.base/java.lang=ALL-UNNAMED
22-Sep-2026 09:48:51.059 INFO [main] org.apache.catalina.startup.VersionLoggerListener.log Command line argument: --add-opens=java.base/java.io=ALL-UNNAMED
22-Sep-2026 09:48:51.060 INFO [main] org.apache.catalina.startup.VersionLoggerListener.log Command line argument: --add-opens=java.base/java.util=ALL-UNNAMED
22-Sep-2026 09:48:51.060 INFO [main] org.apache.catalina.startup.VersionLoggerListener.log Command line argument: --add-opens=java.base/java.util.concurrent=ALL-UNNAMED
22-Sep-2026 09:48:51.060 INFO [main] org.apache.catalina.startup.VersionLoggerListener.log Command line argument: --add-opens=java.rmi/sun.rmi.transport=ALL-UNNAMED
22-Sep-2026 09:48:51.061 INFO [main] org.apache.catalina.startup.VersionLoggerListener.log Command line argument: -Dcatalina.home=C:\Tools\TomCat\apache-tomcat-10.1.59
22-Sep-2026 09:48:51.061 INFO [main] org.apache.catalina.startup.VersionLoggerListener.log Command line argument: -Dcatalina.base=C:\Users\Omar\Downloads\springmvc-plumbing-demo\SpringMVCDay2Remake-ApiStudy\src\main
22-Sep-2026 09:48:51.061 INFO [main] org.apache.catalina.startup.VersionLoggerListener.log Command line argument: -Djava.io.tmpdir=C:\Users\Omar\Downloads\springmvc-plumbing-demo\SpringMVCDay2Remake-ApiStudy\src\main\temp
22-Sep-2026 09:48:51.062 INFO [main] org.apache.catalina.startup.VersionLoggerListener.log Command line argument: -Djava.util.logging.config.file=C:\Users\Omar\Downloads\springmvc-plumbing-demo\SpringMVCDay2Remake-ApiStudy\src\main\conf\logging.properties
22-Sep-2026 09:48:51.062 INFO [main] org.apache.catalina.startup.VersionLoggerListener.log Command line argument: -Djava.util.logging.manager=org.apache.juli.ClassLoaderLogManager
22-Sep-2026 09:48:51.062 INFO [main] org.apache.catalina.startup.VersionLoggerListener.log Command line argument: -javaagent:C:\Program Files\JetBrains\IntelliJ IDEA 2026.2.1\lib\idea_rt.jar=58986
22-Sep-2026 09:48:51.063 INFO [main] org.apache.catalina.startup.VersionLoggerListener.log Command line argument: -Dfile.encoding=UTF-8
22-Sep-2026 09:48:51.063 INFO [main] org.apache.catalina.startup.VersionLoggerListener.log Command line argument: -Dsun.stdout.encoding=UTF-8
22-Sep-2026 09:48:51.064 INFO [main] org.apache.catalina.startup.VersionLoggerListener.log Command line argument: -Dsun.stderr.encoding=UTF-8
22-Sep-2026 09:48:51.068 INFO [main] org.apache.catalina.core.AprLifecycleListener.lifecycleEvent Loaded Apache Tomcat Native library [2.0.15] using APR version [1.7.6].
22-Sep-2026 09:48:51.085 INFO [main] org.apache.catalina.core.AprLifecycleListener.initializeSSL OpenSSL successfully initialized [OpenSSL 3.5.7 9 Jun 2026]
22-Sep-2026 09:48:51.908 INFO [main] org.apache.coyote.AbstractProtocol.init Initializing ProtocolHandler ["http-nio-8083"]
22-Sep-2026 09:48:51.960 INFO [main] org.apache.catalina.startup.Catalina.load Server initialization in [1492] milliseconds
22-Sep-2026 09:48:52.074 INFO [main] org.apache.catalina.core.StandardService.startInternal Starting service [Catalina]
22-Sep-2026 09:48:52.075 INFO [main] org.apache.catalina.core.StandardEngine.startInternal Starting Servlet engine: [Apache Tomcat/10.1.59]
22-Sep-2026 09:48:52.093 INFO [main] org.apache.catalina.startup.HostConfig.deployDescriptor Deploying deployment descriptor [C:\Users\Omar\Downloads\springmvc-plumbing-demo\SpringMVCDay2Remake-ApiStudy\src\main\conf\Catalina\localhost\SpringMVCDay2Remake-ApiStudy.xml]
22-Sep-2026 09:48:58.139 INFO [main] org.apache.jasper.servlet.TldScanner.scanJars At least one JAR was scanned for TLDs yet contained no TLDs. Enable debug logging for this logger for a complete list of JARs that were scanned but no TLDs were found in them. Skipping unneeded JARs during scanning can improve startup time and JSP compilation time.
22-Sep-2026 09:49:04.568 INFO [main] org.apache.catalina.startup.HostConfig.deployDescriptor Deployment of deployment descriptor [C:\Users\Omar\Downloads\springmvc-plumbing-demo\SpringMVCDay2Remake-ApiStudy\src\main\conf\Catalina\localhost\SpringMVCDay2Remake-ApiStudy.xml] has finished in [12,474] ms
22-Sep-2026 09:49:04.583 INFO [main] org.apache.coyote.AbstractProtocol.start Starting ProtocolHandler ["http-nio-8083"]
22-Sep-2026 09:49:04.647 INFO [main] org.apache.catalina.startup.Catalina.start Server startup in [12684] milliseconds
22-Sep-2026 15:16:56.986 INFO [Thread-1] org.apache.coyote.AbstractProtocol.pause Pausing ProtocolHandler ["http-nio-8083"]
22-Sep-2026 15:16:57.016 INFO [Thread-1] org.apache.catalina.core.StandardService.stopInternal Stopping service [Catalina]
22-Sep-2026 15:16:57.192 INFO [Thread-1] org.apache.coyote.AbstractProtocol.stop Stopping ProtocolHandler ["http-nio-8083"]
22-Sep-2026 15:16:57.204 INFO [Thread-1] org.apache.coyote.AbstractProtocol.destroy Destroying ProtocolHandler ["http-nio-8083"]
